A tak dále, Aalon, Abalda, Abbé, Abe, Ábi, Ábíčko, Abigail, Abík, Abrahám, ABS, Abu Faréz, Abuk, Aby, Acik, Acly, Acon, Áčko, Ada, Áda, Adam, Adam Anthony, Adam Daniel, Adam Izák, Adámek, Adámo, Adan, Addy, Adél, Adéla, Adéla Anne, Adelaida, Adélka, Adept, Adik, Adinka, Adis, Adjidaumo, Adla, Admin, Admirál, Adolf, Adrax, Adrian, Adriana, Adriana Beata, Adriena, Adulbo, Adulí, Aduš, Ady, Affe, Aflo, Afrika, Agáta, Agent, Aggy, AGI, Agi Magi, Agnes, Ágnes, Agni, Ahmo, Aidam, Aifel, Aifelovka, Aik, Aimie, Ája, Ajdam, Ajfel, Ajfl, Ajka, Ajnčtajn, Ajnštajn, Ajv, Ajva, Ajví, Aka, Akademik, Akela, Aki, Akičita, Akil, Akim, Aknel, Akouš, Akru, Akšunež, Aktiv, Aktivka, Aktiwka, Akvouš, Ála, Aladin, Alan, Alan Edgar, Alarm, Alba, Albatros, Albert, Albertka, Albi, Alby, Alča, Alča-Mamča, Alda, Aldo, Aleky, Alena, Aleš, Alex, Alexander, Alexandr, Alexandra, Alf, Alfi, Alfie, Alfin, Alfons, Alfred, Algernon, Algy, Alchym, Alchymista, Ali, Alibabka, Alica, Alice, Alíče, Alien, Alík, Alim, Aljaška, Alka, Allah, Aloe, Alois, Aloisie, Alp, Alpha, Alpik, Alunka, Alushka, Alvin, Alvis, Alza.cz, Alžběta, Amálie, Amálka, Amazoňan, Amazonka, Ambulák, Améba, Amélie, Amerika, Ami, Amigo, Amík, Amina, Amira, Amish, Amiš, Ámon, Amon-Re Maria, Amor, Ámos, Ampér, Amphora, Amundsen, Amy, Ana, Áňa, Anajka, Anakin, Ananas, Ananásek, Anastasia, Anastasiya, Anastázie, Anča, Anča-Čanča, Anče, Ančekubohajnej, Ančí, Ančík, Ančová, Ančovička, And@, Anďa, Andě, Anděl, Anděla, Andílek, André Dominik, Andrea, Andrej, Andrew, Andruš, Andrzej, Andulka, Andullíček, Andy, Anet, Aneta, Aneta Otýlie, Anetka, Anetta, Aneža, Anežka, Anežka Těmínová, Anfiska, Angelika, Angie, Anglík, Angrešt, Anička, Anika, Anima, Anippé, Anita, Anka, Anket, Anna, Anna, Anna Banana, Anna Dewi, Anna Dorota, Anna Františka, Anna Helena, Anna Josefína, Anna Klára, Anna Lucie, Anna Marie, Anna-Běla, Anna-Johanna, Anna-Kateřina, Anna-Marie, Anna-Monika, Annanas, Annette, Anni, Annie, Annika, Anny, Aňour, Ansorrin, Ant, Antas, Anténa, Anténka, Antie, Antík, Antilopa, Antonie, Antonín, Anty, Áňus, Anuška, Any, Anýzs, Ao, Apa, Apač, Apačka, Apak, Apanači, Apatyka, Aphrael, Api, Apik, Apis, Apolena, Apollo, Aponizi, Apple, Appy, Apú, Aqua, Arab, Aram, Arašid, Arazim, Arči, Argetlam, Architekt, Ari, Arina, Armin, Armína, Arnika, Arno, Arnošt, Arny, Arny eCaTdP, Áron, Arpine, Art, Artem, Arthur, Artiom, Arťom, Artoo, Artur, Artuš, Arven, Arya, Asenta, Asfalt, Asi, Askal, Aslan, Assassin, Assisi, Astap, Asterix, Astr, Áša, Ášek, Áší, Ašim, Aška, Ašok, Áťa, Aténa, Athaj, Athos, Aťka, Atlantida, Atlas, Atom, Attila, Attila Jozef, Atty, Atýna, Augustin, Auí, Aura, Aurélie, Australan, Auťák, Autíčko, Avani, Avart, Avatarka, Awasin, Awatet, Awilda, Ax, Axie, Axolotl, Aya, Áz, Azbest, Azbezt, Azimut, Azor, Azorek, Azurit, Azuritek, B.J., B.U., Bába, Babča, Babe, Babetka, Babička, Bábin, Bábinka, Babinský, Babočka, Baboš, Babs, Babu, Baby, Baci, Bacil, Bača, Bačík, Bačkůrka, Bad, Bady, Baff, Bafina, Bag, Bageta, Bagetka, Bagheera, Baghera, Baghíra, Baghýra, Bagr, Bagu, Bagy, Bagýra, Bahgýra, Bahňa, Bahňák, Bahník, Bahňo, Bachy, Baik, Bája, Bajaja, Bajča, Bajo, Bajt, Baki, Bakterie, Baky, Balda, Baletka, Ballú, Baloo, Balů, Balů II., Balva, Balvan, Bam, Bambas, Bambi, Bambín, Bambino, Bambula, Bambule, Bambulka, Bambus, Bampty, Banán, Banča, Bandaska, Bandita, Banďour, Banchee, Baňka, Bany, Bára, Barack, Barbar, Barbara, Barbecue, Barbie, Barbora, Barbora Anna, Barbora Marie, Barbora Ora, Barboš, Barbucha, Barbušák, Barča, Bard, Barel, Barell, Bari, Baribal, Bárnie, Bárny, Baron, Bart, Bartoloměj, Baruli, Barusch, Barva, Barvička, Bary, Baryk, Bařenka, Báří, Basa, Bashule, Basmati, Básňa, Básnička, Básník, Baša, BaTerka, Batman, Batoh, Batole, Baťťka, Batul, Batula, Batůžek, Bax, Bazalka, Bazar, Bazi, Bazuka, Bazy, Báža, Bažant, Bažina, Bažiňák, Bažňák, B-Bob, Bean, Beana, Beast, Beáta, BeBe, Be-Bečko, Bebíčko, Béča, Béďa, Bedla, Bedlák, Bedřich, Bee, Beebob, Beefman, Běhal, Běhali, Běhas, Běhy, Bejb, Bejbin, Bejby, Bejbyna, Bejk, Bejska, Bejza, Beky, Bela, Běla, Běla Marie, Bělásek, Belgičan, Belinda, Bell, Bella, Bellis, Belmondo, Bělouš, Ben, Beňa, Benďa, Bender, Bendr, Benedikt, Benedikta, Bengi, Benjamin, Benjamínek, Benji, Benno, Benny, Beny, Benzín, Beran, Berča, Berčus, Berda, Berdy, Berenika, Bergil, Bergoš, Bernadeta, Bernard, Bernát, Berný, Beros, Berous, Berrda, Berrita, Berry, Bersi, Bert, Berta, Beruš, Berušák, Beruška, Bery, Běsík, Bětka, Beton, Betry, Betty, Betulka, bety, Betýšek, Béza, Bezu, Bezy, Běžka, Bíba, Bibi, Bibiana, Bíbo, Bicy, Bída, Bidlo, Bidlouš, Bidý, Bietka, Biff, Biffur, Bifi, Bi-fi, Big, Bighead, Bigi, Bihan, Bílá packa, Bílá Vrána, Bilbo, Bilík, Biljana, Bill, Billy, Bílý obláček, Bimbo, Bimbouš, Bína, Bineshi, Bingo, Binks, Bino, Bitrex, Bivoj, Bivojka, Bizi, Bizon, Bješka, Bjéťa, Bjorn, Blábol, Black, Black Bull, Blahoň, Blahoslav, Bláňa, Blanka, Blanka Amelie, Blánš, Bláťa, Blaťák, Blatník, Bláža, Blažena, Bléďa, Bledulka, Blecha, Blechy, Blembi, Blesk, Blešák, Bleška, Blik, Blizzard, Blochin, Blonďáček, Blonďák, Blondy, Blondýn, Blondýna, Bloud, Bloudil, Bluďa, Bludička, Bludimíra, Blueline, Bluma, Blůmen, Blumík, bmDanChi, Bó, Bob, Bobák, Boban, Bobánek, Bobas, Bobčák, Bobek, Bobeš, Bobík, Bobina, Bobislav, Bobiš, Bobíšek, Bobo, Bobo-uš, Bobr, Bobřík, Bobša, Bobula, Boburn, Boby, Bodi, Bodie, Bodla, Bodlák, Bodlina, Bodlinka, Body, Boháč, Bohdan, Bohdana, Bohouš, Bohoušek, Bohumil, Bohumila, Bohumír, Bohumíra, Bohunka, Bohuslav, Bohuslava, Bohuš, Boiler, Bojucha, Bokačo, Boldryk, Bolek, Boleslav, Bolhed, Bolt, Bomba, Bombarďák, Bomber, Bombič, Bombička, Bombon, Bombur, Bonbon, Bon-Bon, Bonbónek, Bond, Bondy, Bongo, Boní, Bonifác, Bonnie, Bonny, Bonobo, BonT, Bony, Bonzo, Bop, Bor, Boras, Borek, Boris, Borka, Boro, Borovice, Borůvka, Bořek, Bořík, Bořivoj, Bořka, Bosák, Bošek, Boši, Boťa, Botaska, Botička, Bouda, Bouchač, Boucháček, Bouki, Bouky, Boule, Bourák, Bouřlivák, BowD, Bowi, Bowle, Bowman, Box, Boxer, Boxerka, Boxtra, Bóža, Božena, Boženka, Božka, Brába, Brabaščin, Brabi, Bráca, Brácha, Brambi, Brambo, Brambor, Brambora, Brambůrek, Brambůrka, Branky, bráška, bratr Tonda, Bratr Vojtyla, Bratranec, Bratřík, Braun, Brázdička, Brbla, Brčko, brčmen, Brčo, Brďa, Bréba, Breberka, Brebpta, Brebta, Bredebuš, Brejky, Bren, Brepta, Breptal, Breptula, Brhlík, Brigita, Brim, Bris, Brit, Britt, BrK, Brkla, Brko, Brlík, Brnkal, Bróďa, Brok, Bronislav, Bronislava, Bronson, Bront, Bronťa, Bronťas, Bronto, Broskev, Brouček, Brouk, Brouk Pytlík, Brťa, Brtník, Bruce, Brůča, Bručoun, Bruizer, Brumík, Brumla, Brunďa, Brundibár, Bruno, Brůs, Brusinka, Brut, Brynza, Brzda, Brzdař, Břek, Břeťa, Břetislav, Březinka, Bříza, Břízka, BSK, Buba, Bubáček, Bubák, Bubetka, Bubi, Bubík, Bubiš, Bubla, Bublin, Bublina, Bublinka, Bubo, Bubu, Bubun, BuBy, Bucker, Bucla, Buclík, Buč, Buddha, Budha, Budíček, Budík, Budka, Budlajs, Budul, Budula, Budulínek, Buf, Buff, Buffy, Bufi, Bugibřík, Bugs, Bugy, Buchar, Buchta, Buchtička, Buchtik, Bujo, Bujón, Buk, Bukač, Bukaj, Buki, Bukva, Buky, Bulďa, Buldok, Bulhar, Bulldog, Bulok, Bulva, Bumboš, Bumerang, Bunka, Bunny, Burák, Burda, Buri, Burka, Buřina, Buřt, Buřťa, Bushman, Butters, Bůvol, Buzola, Buzz, Býk, Bylina, Bylinka, Bylinkář, Byll, Bystrá Liška, Bystrik, Bystroušek, Bystrouška, Bystřina, Bzííí, Bzuk, Bzunka, Bzutka, Bžunda, C.a.b.a.l., C.Jane, Cába, CaCaO, Cácorka, Caesar, Caesh, Caffe, Cahir, Caiman, Cajda, Calamity, Calimero, Calvádos, Camel, Campanula, Camrál, Canada, Cancidlo, Candát, Candy, Canis, Caparda, Capo, Capucino, Carbon, Carda, Carlos, Carmen, Carol, Caroline, Cassi, Casy, Catch, Cecek, Cecil, Cecília, Cecilie, Cecilka, Cedník, Cedulka, Céef, Celer, Celestýna, Celí, Celta, Celty, Centim, Centr, Cermoch, Cestovatel, Cesty, Cestyk, Cézar, Cézi, Cíba, Cibul, Cibule, Ciby, Cid, Cif, Cigi, Cigy, Cihla, Cíla, Cimzawin, Cindy, Cint, Cinty, Cípa, Cipajs, Cípek, Cipi, Cipísek, Cipka, Cirda, Cirďa, Cisa, Cíšek, Cíťa, Citron, Citrónek, Citry, Civil, Claire, Claudia, Cleo, Cleris, Cloš, Clyde, Cobra, Cody, Colins, Colinska, Colombo, Cong, Coodugh, Cooky, Coolman, Cooper, Cop, Copánek, Copí, Copík, Coppi, Copy, Coran, Corgoň, Corny, Corsair, Coudy, Cože, Cožekik, Crash, Croo, Cruise, Crusty, Ctibor, Ctirad, Cudla, Cukr, Cukřík, Cuky, Cukýna, Culíček, Culík, Cuml, Cumlík, Cup, Custer, Cvak, Cvaky, Cvalda, Cvalík, Cviky, Cvrček, Cvrk, Cynamon, Cyr, Cyrano, Cyrda, Cyriek, Cyril, Czabas, Čába, Čabajka, Čábry, Čafta, Čagan, Čahoun, Čaj, Čajda, Čajíček, Čajík, Čajoch, Čakanka, Čakut, Čamlík, Čanda, Čandís, Čang, Čangý, Čáp, Čapka, Čaprčí, Čapulka, Čára, Čardáš, Čárka, Čárlí, Čaroděj, Čarodějka, Čároška, Čáry, Čáryfuk, Časík, Čeče, Čečetka, Čechman, Čechy, Čejka, Čekanka, Čekatel, Čekotej, Čelenka, Čelka, Čenda, Čeněk, Čenich, Čenka, Čepeček, Čepička, Čepulda, Čépy, Čerf, Čerka, Čerňa, Černá Jitka, Černá Maurenc, Čerňas, Černidlo, Černobýl, Černoch, Černoška, Černý Sokol, Čerstvej, Čert, Čerťa, Čertík, Červ, Červa, Červajs, Červánek, Červenáček, Červenka, Červi, Červíček, Červík, Červotoč, Čerw, Česílko, Česlav, Česlo, Česnek, Čestmír, Češa, Češpi, Četník, Čéza, Číbr, Čicek, Čiča, Číča, Čiči, Čičila, Čičin, Čičina, Čičoun, Číf, Čigo, Čik, Čiki, Čikita, Čiko, Čiky, Čil, Čili, Čilli, Čím, Čimi, Čin čin, Číňan, Činča, Činčila, Čing, Čingischán, Čingo, Čingy, Činy, Čip, Čipera, Čiperka, Čipy, Čirí, Čirik, Číslo, Čita, Čivabčiči, Čivava, Číz, Číža, Čížek, Člupla, Čmelák, Čmelda, Čmelík, Čmocháč, Čmoud, Čnělka, Čočina, Čočka, Čočkin, Čochťa, Čochtan, Čochty, Čok, Čoki, Čoky, Čokýna, Čolek, Čolinka, Čombe, Čonkin, Čonza, Čopek, Čouda, Čoveče, Čtenář, Čtenářka, Čtenda, Čtverec, Čtvrtek, Čtyřka, Čtyřočko, Čudelka, Čudla, Čuďo, Čugála, Čuch, Čuli, Čumil, Čunek, Čupakabra, Čuty, Čuzl, Čvágy, Čvachta, Čvachtal, d.Ness, Ďab, Ďábel, Ďabín, Ďáblice, Ďáblík, Dáda, Dadly, Ďaďová, Dadulik, Dae, Daffy, Dafne, Dag, Dagima, Dagmar, Dahinda, Daisy, Dája, Dajana, Dajána, Dajda, Dak, Dakota, Daktari, Dalamánek, Dale, Dalena, Dali, Dalibor, Dalík, Dalimil, Dalis, Dalm, Daloš, Dals, Damian, Damián, Damián Václav, Damien, Dan, Dana, Daňa, Danczis, Danča, Danďa, Dandue, Dandy, Daneček, Danek, Danělka, Danica, Daniel, Daniela, Danielilinka, Danielsson, Daník, Danil, Danke, Dann, Danny, Dante, Danuša, Danuše, Danuta, Dany, Dapy, Dareba, Dáreček, Darek, Dárek, Darina, Dariusz, Darja, Darwin, Darzí, Darzinka, Dastén, Dasty, Dáša, Dat, Datel, Datchi, Daubí, Daum, Davča, Dave, Daven, David, David Gabriel, Davídek, Davído, Davy, Dazul, Debat, Deboora, Debora, Decibel, Déčko, Děda, Dědek, Dědourek, Dee Dee, Dehťák, Dejf, Dejf Vykoukal, Dejcha, Dejmal, Dejna, Dejv, Dejvi, Dejvid, Dejvoska, Dejvy, Dejw, Delf, Delfa, Delfi, Delfín, Delfínek, Delfix, Delfy, Deluňa, Demi, Démon, Denča, Děndě, Dendy, Deninda, Denis, Denisa, Denis-Frederik, Deniska, Dennis, Denny, Deny, Denys, Depo, DerDie, Derviš, Desátník, Desert, Desetibojař, Dešťa, Dešťovka, Deyl, Dhaar, Di“, Diana, Dibl, Dibla, Diblík, Dick, Díďa, Dídí, Didy, Dieu Hien, Digger, Digi, Dik, Dikavafka, Diki, Dikobraz, Dimitr, Dingo, Dino, Diplomat, Dirby, Dita, Divi, Divočák, Divoch, Divoš, Dix, DJ, Dlouhán, Dlouhé ucho, DM, Doak, Doan, Dobby, Ďobek, Dobeš, Dobi, Dobrák, Dobromil, Dobromila, Dobroslav, Dobrovolník, Doby, Docent, Doctor, Doďa, Dodge, Dodo, Dodýš, Dogan, Dok, Doksy, Doktor, Doktor Troska, Doktůrek, Dolce, Dolfi, Dolíček, Dolín, Dolíz, Dolly, Dombas, Domča, Domeček, Domin, Dominátor, Dominick, Dominik, Dominik Bosco, Dominik Pavel, Dominika, Dominique, Domino, Don, Don Milos, Donald, Donaldice, Dony, Dora, Dorča, Dorek, Dori, Dorián, Doris, Dorka, Dorota, Dorotea, Dorotea Anna, Dorotka, Dortík, Dorty, Dorys, Dorysa, Dosty, Dotóro, Dott, Douba, Doubí, Double, Doubravka, Doulis, Doveda, Doyd, Dr. Etkr, Dr.Obek, Dráb, Draco, Dráča, Dráče, Dráček, Dračice, Drahomír, Drahomíra, Drahoslav, Drahoslava, Drahoš, Drahuš, Drahuše, Drak, Drákula, Drákus, Draky, Dráp, Draski, Drašnarová, Drát, Drátek, Dravec, Dráža, Drepz, Drgy, Drn, Drnda, Drobeček, Drobek, Dron, Drozd, Drsňák, Drsoň, Drška, Drťa, Druid, Dřeppe, Dřevo, Dřevomorka, Dřewáček, Dříč, Dub, Dubajs, Duběnka, Ďubi, Dubínek, Ďubka, Dublinka, Ducky, Důče, Dudan, Dudáš, Dudík, Dudlík, Dudu, Dudy, Duffman, Dufy, Duha, Duch, Duchče, Duchna, Ducho, Dukát, Duke, Dukla, Dula, Důlek, Duli, Dulka, Dumbo, Dun, Dundee, Duo, DUPA, Dupajda, Ďura, Duran, Ďuri, Dusík, Dušan, Dušek, Dušinka, Duta, Ďuveť, Dvacka, Dvalin, Dvaxik, Dvojče, Dvojka, Dvojtakt, Dvořka, Dvoukvítek, Dwarf, Dýdžej, Dyk, Dylan, Dýmal, Dýně, Dyno, Dýšek, Dytta, Dyymon, Dzin, Dzip, Džamal, Džamí, Džanetka, Džar, Džejn, Džejna, Džemík, Dženda, Džery, Džespi, Dževo, Džim, Džin, Džína, Džipina, Džony, Džordž, Džoša, Džouhy, Džounas, Džurmack, Džusina, E.T., Earl, Easter, Eawok, Ed, Eda, Eddie, Edgar, EDÍK, Edison, Edita, Edith, Eduard, Edy, Edyson, Eec, Efa, Efča, Efekt, Efendi, Efi, Efič, Efka, Eggo, Eggy, Egon, Egoš, Ehe, Eida, Eidam, Eifel, EIFFEL, EIiška, Eileen, Einstein, Ejdem, Ejka, Ejmi, Eko, Ekvi, El Máča, Ela, Elár, Elastin, Elča, Elda, Elektron, Elektronek, Element, Elen, Elena, Elendil, Elenka, Eleonora, Elf, Elfi, Elfik, Elfka, Eli, Eliana, Eliáš, Elík, Elín, Elinda, Elion, Elis, Elisa, Eliška, Eliška, Elizabeth, Elkos, Ell, Ella, Ellen, Ellie, Elsa, Elsti, Elvi, Elvis, Elwis, Elza, Em, Ema, Eman, Emanuel, Emco, Emerencia, Emí, Emík, Emil, Emil Milan, Emílie, Emilka, Emiló, Emir, Emko, Emma, Empík, Emsí, Emu, Ency, Encyk, Enduro, Endy, Endžl, Energy, Enkidu, Ent, Eny, Enza, Epich, Erg, Erich, Erik, Erik James, Erika, Erni, Erný, Ero, Eršin, ERT, Ervin, eRZet, Erža, Eskym, Eskymák, Eskymo, Esmeralda, ESSMO, Estell, Ester, Esterka, Eša, Eške, Ešli, Ešus, Ete, Etík, Eugen, Eugenie, Eva, Evald, Eválka, Evandule, Evanii, Evča, Evelína, Even, Evička, Kuku, Evík, Evuš, Evža, Evžen, Ew, Ewik, Ewyk, Express, Externista, Extreme, Ezop, Fabian, Fafner, Fajka, Falco, Faleš, Falko, Fána, Fanatik, Fanča, Fanda, Fanek, Fank, Fanny, Fanóch, Fanouš, Fanoušek, Fanta, Fantík, Fantomas, Fanty, Fany, Fanýs, Faramir, Faraon, Farmář, Fary, Fastum, Fátima, Faulař, Fazi, Fazole, FBI, Fčelka, Feďa, Fedor, Fefe, Fejfi, Felipe, Felix, Femur, Fera, Ferari, Ferda, Ferdinand, Ferdislavomírovičovna, Ferenc, Ferenc Wirgill, Ferin, Ferina, Ferka, Ferko, Fero, Ferrari, Fery, Festrová, Fetišek, Fí, Fialík, Fialka, FíBí, Fíďa, Fidel, Fidelka, Fidla, Fidly, Fido, Fidorka, Fidža, Fidži, Fiesta, Fífa, Fifča, Fifi, Fifin, Fifinka, Fiflin, Fífo, Figi, Figo, Figy, Fíja, Fijavička, Fík, Fikejs, Fiky, Fil, Fíla, Filda, Filé, Filemon, Fili, Filip, Filip Michael, Filipes, Filipína, Filipíno, Filiš, Fill, Film, Filosof, Fimfárum, Finanz, Finč, Finn, Fiona, Fipo, Fis, Fíša, Fišer, Fiška, Fišta, Fitinka, Fitka, Fixka, Fižďa, Fjóre, Flag, Flash, Flay, Flegy, Flek, Flekáč, Fleky, Flendrs, Fler, flexa, Flíček, Flingstone, Flinstone, Flint, Flip, Flippy, Flipr, Flo, Flóra, Florenc, Florián, Flukoň, Focman, Fofík, Fofl, Foma, Fomas, Fondán, For, Forbes, Ford, Forest, Forget, Formik, Forrest, Foťák, Fotbalista, Foukač, Fous, Fousáč, Fousek, Fox, Fragl, Frajerka, Frakťa, Fram, Francouz, Francule, Franczesco, Frank, Frankey, Frankie, Franky, Franta, Frantáre, Frantík, František, František Sámo, František Václav, Františka, Franziska, Fred, Fréďa, Freddie, Fredy, Freja, Frenk, Frenký, Fret, Fretka, Freud, Fréza, Fridrich, Frigo, Frišťa, Frizie, Frky, Frodík, Frodo, Froggy, Frogy, Frů-Frú, Fudža, Fuf, Fůfa, Fufí, Fufík, Fufka, Fufník, Fugas, Fugu, Fuchsy, Fuja, Fukar, Fulda, Fu-man-chu, Funík, Fura, Gab, Gába, Gabča, Gábi, Gábina, Gábi-vrtu:), Gabka, Gáblík, Gabo, Gabrhelová, Gabriel, Gabriela, Gaga, Gaius Bonus, Gal, Galén, Gali, Galina, Galoš, Gambáč, Gampík, Gandalf, Gándhí, Gandy, Ganie, Gao, Gara, Gargamel, Garyl, Gaudí, Gazela, Gazi, Gazik, Gbelouž, Geancy, Geba, Géčko, Ged, Gedžitka, Gee, Gego, Gejša, Gejza, Gelma, Gembo, Geňa, Genc, Generál, Genia, Génius, George, Georges, Georgina, Georgios, Georgo, Gepard, Gepardice, Gepassa, Gepík, Geralt, Geratina, Gerd, Gerda, Gerlach, Germánka, Gersen, Gerwin, Ges, Ghul, Gibbs, Gibon, Gigi, Gilia, Gimli, Gimly, Gina, Ginger, Gingo, Ginkgo, Ginny, Gisy, Gita, Gízis, Gizmo, Glee, Globin, Glum, Gluša, Gnóm, Goblin, Godzila, Gofry, Gogo, Golem, Goli, Goliáš, Golo, Gombík, Gong, Gong - Bong, Gonzáles, Goofie, Goofy, Google, Gormit, Goro, Gothaj, Gouda, Goya, GP, Grafík, Granát, Granko, Gready, Green, Greenhorn, Greenman, Gregy, Gremlin, Grep, Grey, Grgala, Grifin, Grigoris, Grimm, Grinch, Grizly, Grizzli, Grizzly, Grmi, Grogodýl, GrosS, Gryzli, Gryzly, Gufi, Gufy, Gugl, Guláš, Guláž, Guli, Guma, Gumák, Gumí, Gumička, Gumídek, Gurmán, Gurťa, Guru, Gusta, Gustav, Gy, Gymi, Gyth, Hába, Hacík, Hack, Hacker, Hačača, Háček, Had, Háďa, Haďák, Hadam, Hádě, Hadice, Hadimrška, Hadka, Hadřík, Hadži, Hadžim, Haf, Hafík, Hafuša, Hagin, Haiv, Hájčis, Hajnej, Hájoška, Hák, Haki, Hakim, Haky, Hali, Halina Natália, Halk, Halka, Halus, Ham, Hamé, Hami, Hamík, Hamina, Hamlet, Hamoun, Hamty, Han, Hana, Háňa, Haňajs, Hanba, Hanča, Hanči, Hančik, Haňďa, Handula, Hanes, Hani, Hanibal, Hanička, Haník, Hanina, Hanka, Hannah, Haňour, Hans, Hantewin, Hantu, Hanuš, Hanuš Arsim, Hany, Hany Bany, Hanys, Hanýsek, Hanyz, Hanýžka, Hanz, Hanzi, Hapla, Haplo, Happy, Harald, Harant, Hardy, Harfa, Harken, Harlej, Haro, Harold, Harpuš, Harrry, Harry, Harvan, Hárvy, Hasi, Haski, Hasky, Hassan, Hastrman, Hastroš, Háša, Hašlerka, Hašteřilka, Hata, Háthí, Hatla, Haudi, Havana, Havel, Havran, Havranka, Havrik, Hawkeye, Hawkins, Hayato, Hazy, Hbitouš, Headman, Headshot, Heda, Hedík, Heduš, Hedvika, Hehe, Heidi, Heinz, Hejby, Hejhule, Hejkal, Hejky, Hejny, Hejtman, Hejty, Hejvy, Hela, Helča, Helda, Helena, Helena Marie, Helenka, Helga, Helík, Helium, Hellper, Helmuth, Helpík, Hemi, Heml, Hemy, Henka, Henrieta, Henry, Hera, Herkul, Herkules, Herky, Herma, Herman, Hermelín, Hermelínka, Hermi, Hermína, Hermiona, Hern, Herr Flick, Hery, Heřmánek, Hezoun, Hiawata, Hiawatha, Higi, Hihi, Hihňa, Hiko, Hini, Hinty, Hipi, Hipík, Hipísek, Hipo, Hippo, Hlad, Hláska, Hlavička, Hledáček, Hlína, Hliník, Hlod, Hloža, Hluchoň, Hluk, Hňáca, Hnída, Hnízdo, Hobi, Hobit, Hobitek, Hoblík, Hoblina, Hoblinka, Hobo, HoBy, Hobzík, Hobzová, Hodinář, Hodor, Hodyhruto, Hoff, Hoffík, Hoffy, Hofík, Hogan, Hohe, Hoho, Ho-Jon, Hokky, Hokota, HoKrut, Hoky, Hokynář, Holda, Holdec, Holeš, Holli, Holly, Holmes, Holub, Holubinka, Holy, Hombré, Homee, Homér, Homoj, Homola, Hoňas, Honcajz, Hončis, Honda, Hondzik, Honey, Honni, Honoré, Hony, Honza, Honzag, Honzar, Honzas, Honzík, Honzina, Hoody, Hop, Hopek, Hopík, Hopity, Hopsa, Hopsi, Hopsík, Hopsinka, Horác, Horákyně, Horalka, Horr, Horst, Hortva, Horus, Horymír, Horyna, Hořeňák, Hoříto, Hořtík, Hostivít, Hotanka, Houba, Houbák, Houbař, Houbička, Houbík, Hougerka, Houmr, Houpačka, House, Housena, Housenka, Houser, Houska, Hovík, Hrabalka, Hrabosz, Hraboš, Hraboška, Hrach, Hranka, Hranolka, Hrášek, Hrazdič, Hrb, Hrkač, Hrnda, Hrnek, Hrob, Hrobař, Hroch, Hrochy, HRom, Hron, Hrony, Hrošík, Hroutil, Hroznýš, Hrtoň, Hrůša, Hruška, Hrušťa, Hryzka, Hřebíček, Hřebík, Hřib, Hříbě, Hříbeček, Hříbek, hub3rt, Hubatice, Hubb, Hubert, Hubertus, Hubi, Hubík, Huboun, Hubrkšic, Hůd, Hudy, Hugin, Hugo, Hugo Boss, Huhu, Hůja, Hujer, Hukan, Hulk, Humberto, Humor, Humpál, Humr, Hunter, Huntka, Hup, Hupík, Hurikán, Hurón, Hurvajsz, Hurvajz, Hurvi, Hurvínek, Hury, Husita, Husky, Hustík, Husy, Hutu, Huty, Huy, Hvězda, Hvězdář, Hvězdička, Hvožďa, Hydrant, Hygi, Hygienik, Hykšák, Hyna, Hyneček, Hynek, Hypo, Cháďa, Chachman, Chakra, Chamča, Chameleon, Chani, Chankin, Chápal, Charlene, Charles, Charles Ian, Charlie, Charlota, Charlotte, Chechta, Chechták, Chechtal, Chechtanda, Chechty, Chem, Chemik, Chepree, Chepru, Cherry, Chetan, Chiara, Chicco, Chicko, Chicky, Chico, Chichi, Chichin, Chilli, Chinese, Chingo, Chio, Chip, Chips, Chipsa, Chiquita, Chita, CHLAPeček, Chlup, Chlupáč, Chlupáček, Chobot, Chobot., Chobotka, Chodec, Chochin, Chocholka, Cholletto, Chomič, Chopin, Chorapi, Chorche, Choroš, Chosé, Chozzé, Chrást, Chrasťa, Chrastidlo, Christián, Christina, Christopher- Alexander, Chrnka, Chrob, Chrobák, Chrochňa, Chrochta, Chrol, Chromej Jou, Chrosťa, Chrostík, Chroust, Chroustík, Chrpi, Chrust, Chrystyna, Chřástal, Chřestýš, Chuan, CHuck, Chuck Norris, Churchill, Chůvka, Chyťa, Chytrolín, Chytrolínka, Chytrouš, Iáček, Íčko, Ida, Idefix, Idlo, If, Ífa, Ifanka, Iffííí, Ifik, Ifka, Igi, Igli, Ignác, Ignis, Ignor, Igor, Ii, Ija, Íjáček, Ijí, Ik, Ikar, Ikeret, Iki, Iky, Ilči, Ilena, Ilkina, Illya, Ilona, Ima, Imperátor, Impi, Imrahil, Ina, Inachi, Indi, Indián, Indiánská babička, Indoš, Indsman, Indy, Indych, Ineska, Inez, Ingineer, Ingrid, Iníla, Ink, Inka, Inspekthor, Instruktor, Inti, Intoš, Inu, Inženýr, Ió, Ipuia, IQ, IQanka, Irča, Irena, Irimé, Irina, Iris, Iron, Irony, Irži, Isaac, Isabela, Istar, Išanka, Ita, Ithanka, Itchy, Iva, Ivan, Ivana, Ivánek, Ivanita, Ivanka, Ivánovna, Ivava, Ivča, Ivein, Ivet, Iveta, Ivetka, Ivín, Ivka, Ivo, Ivona, Ivor, Ivory, Ivoš, Ivuš, Ivuši, Ivuška, Iwy, Izumi, Izy, Izzy, J@rek, Já, Jabčák, Jabko, Jablíčko, Jabloň, Jabsur, Jáca, Jacek, Jácíček, Jack, Jacková, Jacob, Jáček, Jadran, Jadranka, Jadwiga, Jaffa, Jaffar, Jag, Jagan, Jagi, Jagoda, Jágr, Jaguár, Jagy, Jahoda, Jahůdka, Jáchym, Jáj, Jája, Jájina, Jake, Jakob, Jakomka, Jakoubek, Jakub, Jakub Jan, Jakub Kašpar, Jáma, Jamajka, Jambó, James, Jáminka, Jan, Jan Antonín, Jan Benjamin, Jan Daniel, Jan Karel, Jan Martin, Jan William, Jana, Jana Anna, Jana Barbora, Jana Hortenzie, Jana-J, Janča, Janďa, Janee, Janek, Janet, Janička, Janie, Janík, Janikula, Janina, Janinka, Janja, Janka, Janny, Jano, Jánoš, Jánošík, Jan-Pavel, Jantar, Jaňule, Japko, Jar Jar, Jara, Jaran, Jarča, Jarda, Jarďák, Jarek, Jarik, Jarin, Jarka, Jarmila, Jaro, Jaromír, Jaromíra, Jaroslav, Jaroslav Ballu, Jaroslava, Jaroš, Jarucha, Jarus, Jaruška, Jaryn, Jarýnek, Jarýs, Jasam, Jasan, Jasánek, Jasmína, Jasoň, Jaša, Jataky, Javor, Jay, Jaykman, JB, Jean, Jeans, Jeceken, Jéčko, Ječmen, Ječmínek, Jedi, Jedla, Jedlík, Jednička, Jednorožec, Jeep, Jeezy, Jeff, Jeffi, Jehlan, Jehlička, Jehně, Jehněčí, Jejda, Jejdaman, Jelda, Jeleň, Jelínek, Jelly, Jelwa, Jemnej, Jen, Jeňa, Jenda, Jenďas, Jenga, Jeník, Jenkýs, Jenny, Jeňour, Jenys, Jeremi, Jerri, Jerry, Jery, Jesenka, Jesetera, Jeski, Jesky, Jessie, Jesteuka, Jestřáb, Ješi, Ještěr, Ještěrka, Jetel, Jetty, Jety, Jezevčík, Jezevec, Jezinka, Jezule, Ježa, Ježďa, Ježek, Ježi, Ježin, Ježíš, Ježíšek, Ježour, Ježštěrka, Ježura, Jiffy, Jiggy, Jikra, Jim, Jimi, Jimm, Jimmy, Jíňa, Jindra, Jindré, Jindřich, Jindřich Jiří, Jindřiška, Jingo, Jipi, Jíra, Jirka, JirkaS, Jiroš, Jirovská, Jirra, Jirsh, Jiří, Jiří Pankrác, Jiří Štěpán, Jiří Václav, Jiříček, Jiřička, Jiří-Jan, Jiřík, Jiřina, Jiřinka, Jiřka, Jiřulka, Jiskra, Jistič, Jíťa, Jitka, Jitka Anna, Jitmelka, Jitrnice, Jitřenka, Jitule, Jituna, Jizva, Jižan, Jmelí, Jo, Joachim Max, Joanna, Job, Jocker, Jodler, Joe, Joey, jogi, Jogin, Jogobela, Jogurt, Johan, Johan Jindřich, Johana, Johanka, John, John B., John Deere, Johnny, Johny, Joho, Johy, Jojinka, Jojo, Joker, Jola, Jolana, Jolča, Joli, Jonáš, Jonáš František, Jonáš Karel, Jonatan, Jonatán, Joni, Jonny, Jony, Jonýs, Jooky, Jordy, Jorek, Jori, Jos, Jose, José, Josef, Josef, Josef ml., Josefa, Josefina, Josefo, Josepe, Joseph, Josephe, Josey, Josíf, Josífek, Joska, Jouda, Jouza, Jowie, Joy, Jozef, Jozefína, Joža, Jožan, Jožin, Jožina, Jožka, Jožkem, JožKUS, J-P, Juan, Juanka, Juda, Judas, Juddy, Judit, Judita, Judith, Judy, Jufka, Jugi, Jukebox, Juklík, Julča, Julda, Júlia, Juliána, Julianna, Julie, Julie Dominika, Julius, July, Jump, Jumper, Jumpy, Jun, Jungi, Juni, Junior, Junny, Juno, Jupík, Jupp, Jura, Juraj, Jurášek, Jurda, Juri, Juris, Jury, Juryk, Just, Justa, Justin, Justina, Justy, Justýna, K.J., K2, Ká, kaa, Kaboš, Kabu, Kacar, Kač, Káča, Kačaba, Kačabák, Kačenka, Kačer, Kačí, Kačík, Kačka, Káčko, Káďa, Kadet, Kadina, Kadlas, Kadlátka, Kadlemarda, Kaena, Kaeru, Kafáč, Kafka, Kachna, Kail, Kaisa, Kaiserka, Kaj, Kája, Kajak, Kajda, Kájina, Kájínek, Kajka, Kajki, Kajman, Kajmánek, Kajmanka, Káka, Kakajo, Kakanec, Kakao, Kakavin, Kaktus, Kala, Kalamita, Kalamity, Kalamity Jane, Kalan, Kali, Kalich, Kalimero, Kalky, Kaloo, Kalous, Kalvera, Kama, Kamarádka, Kamaz, Kamča, Kamčatka, Kámen, Kamenáč, Kameňák, Kameníček, Kameník, Kami, Kamík, Kamikadze, Kamil, Kamila, Kamínek, Kamka, Kamzice, Kamzík, Kan, Káňa, Kanál, Kanár, Kanárek, Kanďák, Káně, Kanec, Kanibal, Kanička, Kaňon, Kantor, Kanye, Kapi, Kapička, Kapík, Kapína, Kapitán, Kapka, Kápo, Kappy, Kapr, Kapra, Kapraď, Kapřík, Kapsa, Kapu, Kapuca, Kapy, Kapyčník, Kára, Karabi, Káral, Karambol, Karamela, Karamelka, Karas, Karbaník, Karboš, Karbous, Karcoolka, Karča, Kárčí, Karel, Karel Libor, Kareřina, Karetka, Karfík, Kari, Karib, Karibú, Karim, Karim Samy, Karin, Karina, Kark, Karkul, Karkulák, Karkule, Karkulka, Kárl, Karla, Karlička, Karlík, Karlos, Karlucha, Karo, Karol, Karoli, Karolína, Karolína Anna, Karotka, Karta, Kartáček, Kartágo, Kary, Kása, Kasakoko, Kasal, Kasandra, Kasař, Kasička, Kasijo, Kasíř, Kaskadér, Kasky, Kassa, Kastelán, Kaša, Kaši Maši, Kašlík, Kašna, Kašpar Vic, Kašpárek, Kašpi, Kašpra, Kaštan, Kaštánek, Kašťulka, Káťa, Kaťák, Katamaru, Katapult, Katarina, Katarzyna, Kate, Katel, Kateřina, Kateřina Lucie, Kateřina Mariana, Katka, Katkáš, Katné, Katniss, Katty, Katu, Kaťuša, Katy, Kavče, Káviška, Kavka, Káya, Kaylee, Kazan, Kazi, Každopádně, Kebič, Kebule, Kecal, Kecalka, Kecička, Kecka, Kecmen, Kečitka, Kečup, Kečupník, Kéďa, Kedla, Kechl, Keiko, Kejbl, Kejhal, Kejchal, Kejk, Kejkis, Kejkl, Kejml, Keke, Kekin, Kelda, Kelímek, Keliška, Kelišová, Kelly, Kemal, Kemo, Ken, Keňan, Kendy, Kengerú, Kennedy, Kennny, Kenny, Kentaur, Kenty, Keny, Keri, Kerim, Kerlin, Kerol, Kerry, Keřík, KessiDy, Keší, Kešu, Ket, Kéťa, Ketcha, Ketif, Kevin, Kewin, Key, Keya Teča, Keyman, Khakis, Kchajča, Kibitz, Kiči, Kid, Kidy, Kika, Kikas, Kikča, Kiki, Kikimora, Kikin, Kikina, Kikoku, Kili, Kill, Killer, Killy, Kim, Kimi, Kin, Kindr, King, King-kong, Kingoška Libuna, KinianToWapi, Kinka, Kiny, Kipsy, Kiri, Kisel, Kislík, KISSeLINa, Kit, Kíťa, Kiti, Kitty, Kity, Kivi, Kivvi, Kiwi, Kl, Kláca, Klacek, Kláda, Klaďas, Kladivo, Klajd, Klajsnýrek, Klakson, Klamerka, Klapka, Klára, Klára Edita, Klára-Marie, Klarinet, Klaris, Klarit, Klárka, Klarrrka, Klasik, Klaudie, Klaun, Klaus, Klausová, Klavikula, Klaxon, Klea, Kleki, Klem., Klen, Kleo, Kleopatra, Klepy, Kleris, Kletrs, Klíček, Klička, Kliďas, Klídek, Klik, Klika, Klikař, Klikouš, Klikva, Klíma, Klimša, Klín, Klíšťák, Klíště, Klíšťule, Klix, Klobás, Klobása, Klobe, Klobouček, Klobouk, Klóbrc, Klód, Klofan, Klok, Klokan, Klokánek, Kloky, Klopi, Klouček, Kloučí, Klouzek, Klubíčko, Klubko, Klusajda, Klusó, Kmet, Kmínek, Kmotr, Kmotra, Knar, Knedl, Knedla, Knedlík, Knedlo, Knepík, Kněža, Kníža, Kníže, Knödl, Knoflíček, Knoflík, Knot, Kňour, Koala, Koalka, Kobalt, Kobiha, Koblih, Kobliha, Koblihář, Koblich, Koblížek, Koblížka, Kobra, Koby, Kobylka, Koci, Kocour, Kocourek, Koča, Kočárek, Kočí, Kočičák, Kočka, Kočkodan, Koda, Koďála, Kodl, Kody, Kofča, Kofí, Kofič, Kofola, Kohát, Kohi, Kohn, KoHo, Kohout, Kojak, Kojot, Kokeš, Kokina, Koko, Kokos, Kokoska, Kokoška, Kokr, Kokršpaněl, Kol, Kola, Koláč, Koláček, Kolbaba, Kolco, Kolčava, Kolda, Kolečko, Koleno, Koli, Kolibřík, Kolíček, Kolík, KolinC, Kolja, Kollpy, Kolombo, Kolos, Kolosáňka, Kolouch, Koloušek, Koltík, Kolumbus, Komár, Komárek, Kombajn, Kombi, Kometa, Kometka, Komín, Kominík, Komix, Kompars, kompas, Kompik, Kompot, Kompozit, Komtesa, Kóňa, Koňas, Kondor, Kongi, Koník, Konipas, Konis, Konoy, Konrád, Kony, Konzerva, Kop, Kopé, Kopec, Kopi, Koplenka, Koppice, Kopr, Kopretina, Kopretinka, Kopřa, Kopřiva, Kopy, Korádo, Korálek, Korba, Korek, Korela, Kori, Korísek, Korkorán, Korky, Kormorán, Korny, Korunka, Kory, Korzár, Kořen, Kořenka, Kořínek, Kos, Kosák, Kosatka, Kosejk, Kosík, Koskáč, Kosmič, Kosťa, Kostěj, Kostelníček, Kostelník, Kostička, Kostík, Kostin, Kostka, Kostrč, Košíkář, Koště, Koťák, Kotány, Koťas, Kotě, Kotel, Kotell, Kotelník, Kotlík, Kotník, Kotva, Kotwa, Kotys, Kotýz, Kouba, Kouďák, Koudelák, Koudy, Kouja, Koukal, Koukol, Kouky, Koule, Koumák, Koumes, Koumík, Kousák, Kousal, Kousy, Kouty, Kouzlo, Kovář, Kovboj, Kovik, Kovy, Koza, Kozel, Kozík, Kozina, Kozlík, Kozy, Kožich, Kožíšek, Krab, Krajta, Krak, Kraken, Krakosh, KrakY, Král, Králíček, Král-Íček, Králík, Krápník, Krasoň, Krasty, Kráťa, Kraťas, Kráter, Kráva, Krbcová, Krby, Kremrole, Kreveta, Krisťa, Kristián, Kristina, Krisťula, Kristý, Kristýna, Kríša, Krišot, Krišpa, Krištof, Kritik, Kríža, Krkovička, Krmelec, Krocan, Kročová, Krok, Kroketa, Kroki, Krokodýl, Krokouš, Krolík, Kroll, Krony, Kropítko, Krosník, Kross, Kroupa, Krowka, Krťa, Krťas, Krteček, Krtek, Kručisko, Krůta, Kruťas, Krvas, Krvinka, Krysa, Krysák, Krysař, Krysděd, Krysík, Kryslík, Kryssař, Kryš, Krýša, Kryšot, Kryšpín, Kryštof, Kryštof Marek, Kryštov, Kryžot, Krzysztof, Křáč, Křeček, Křema, Křemda, Křemen, Křemílek, Křemínek, Křen, Křeni, Křepelka, Křepi, Křídlo, Křik, Křikloun, Křítek, Kříža, Křižák, Křižík, Křópal, Křovák, Křoví, Křup, Křupka, Kšanda, Kšanďák, Kšilt, Kšiltovka, Kuba, Kubajs, Kubajz, Kubas, Kubasan, Kubča, Kubči, Kube, Kubelík, kubi, Kubíček, Kubička, Kubík, Kubikula, Kubín, Kubis, Kublajchán, Kubrt, Kubula, Kubza, Kucík, Kúča, Kučerová, Kudla, Kudlajda, Kudlička, Kudrlinka, Kudy, Kuchař, kuchnička, Kuchťa, Kuchtík, Kuchto, Kujú, Kuk, Kuka, Kukačák, Kukačka, Kuki, Kukla, Kuklajz, Kuklič, Kuklínek, Kukuč, Kukulín, Kuky, Kula, Kulan, Kulaťák, Kulda, Kulďas, Kuldis, Kuli, Kulička, Kulihrášek, Kulich, Kulík, Kuliočko, Kulis, Kulíšek, KUMAR, Kůň, Kuna, Kunhút, Kunín, Kuňka, Kupka, Kuráž, Kurosawy, Kurýr, Kuře, Kuřin, Kůstka, Kuši, Kuťa, Kutil, Kuťka, Kuzma, Kužba, Kuželka, Kvák, Kvakin, Kvap, Kvápa, Kvapík, Kvapník, Kvásek, Kvašek, Květa, Květák, Květinka, Květoslav, Květoslava, Květuše, Kvíčala, Kvído, KvikČek, Kvilda, Kvítek, Kvítko, Kwaki, Kwang, Kwašák, Kwí, Kwik, Kyb, Kyblík, Kyf, Kyklop, Kyli, Kympiczek, Kyp, Kyrill, Kyrké, Kyselina, Kyslík, Kýša, Kýta, Kyti, Kytice, Kytička, Kytka, Kytovec, Kyty,L@jki, Labuť, Laca, Lada, Ladánka, Ládě, Laděna, Ladič, Ládín, Ládínek, Ladislav, Ladislav Tracy, Ladislava, Laduš, Lady, Lahvička, Lach, Lachi, Lachta, Lachtan, Lachtoš LG, Lachty, Laka, Laki, Lakroska, Laky, Lála, Lama, Lambáda, Lámej, Lampa, Lamy, Lancelot, Landa, Lanďák, Langoš, Langusta, Laníčko, Lany, Lap, Lapka, Larsen, Lasi, Lasička, Laskonka, Lassie, Lati, Laura, Láza, Lazebník, Lazgí, Lazy, Lea, Lebeda, Lečo, Lednáček, Ledňáček, Ledvina, Lee, Leeda, Leela, Legenda, Legolas, Leguán, Leho, Lech, Leia, Lejdy, Lejla, Lékorka, Léla, Lembas, Lemon, Lemu, Lemur, Léňa, Leňa Aligátorka, Lenčí, Lenďa, Lendys, Lenička, Lenka, Lenka ml., Lenki, Lenny, Lenoch, Lenora, Lenoška, Lenti, Lentilka, Leny, Leo, Leon, Leona, Leonard, Leontin, Leontinka, Leontýna, Leontýnka, Leopold, Leoš, Leri, Lery, Lesa, Lesana, Lesněnka, Lesorub, Lessi, Lesy, Letáček, Letec, Letící Šíp, Letty, Letuška, Lety, Lev, Levandule, Levis, Lexa, Leze, Lia, Líba, Libča, Liběna, Libero, Libomor, Libor, Libuša, Libuše, Liči, Lída, Lidka, Lidmila, Lidoš, Lidu, Lidule, Lidus-ch, Liduš, Lift, Liháč, Lika, Like, Líla, Lilek, Lili, Lilia, Liliana, Li-lu, Lily, Líma, Liman, Limča, Limetka, Limo, Lin, Lincoln, Linda, Linducha, Linhi, Linka, Linkin, Lípa, Lipan, Lipani, Lipi, Lipnic, Lipo, Lisa, Lískulka, Lístek, Lister, Listomil, Lišák, Lišák jr., Lišák sr., Lišče, Liška, Litina, Little, Líza, Lízo, Lješi, Ljotta, Ljuba, Lobo, Locika, Loďák, Loďka, Logan, Logi, Logik, Logika, Logo, Loch, Lochness, Lojza, Lojzek, Lokál, Loki, Lokotka, Loky, Lola, Lolák, Lolek, Lolli, Longína, Lopuch, Lora, Lord, Lord Edward, Lord Los Sob Mlč, Lorděso, Lori, Loris, Los, Losice, Losík, Losna, Loso, Lotrando, Lotřík, Lotty, Lou, Louda, Louka, Loupežník, Lousk, Loutka, Louža, Love, Lovec, Lowán, Loy, Lu, Lu., Lu2js, Luban, Lubas, Lubka, Lubo, Lubomír, Lubomíra, Lubor, Luboš, Lůca, Lucák, Lucas Paul, Luci, Lucián, Luciáš, Lucie, Lucie Tereza, Lucien, Luciferka, Lucík, Lucíš, Luciška, Lucius, Lucka, Lucky, Lucky-Luck, Lucy, Lůča, Lučavka, Lučina, Luďa, Luděk, Ludmila, Ludmila Hana, Ludo, Ludovic, Ludva, Ludvíček, Ludvík, Ludvika, Ludy, Luigi, Luiza, Luk, Lukajda, Lukas, Lukáš, Lukáš Hynek, Lukáš Jiří, Luke, Luki, Lukin, Lukinelo, Lukit, Lukky, Luko, Luky, Lukýno, Lulu, Luly, Lumík, Lumír, Lump, Lumpajz, Lumpy, Luna, Luňák, Lung, Lupen, Lupínek, Lupyč, Luscini, Lusk, Lusy, Lušob, Lutes, Luu, Lux, Luxfera, Luxor, Lvice, Lvíče, Lvíček, Lydie, Lyra, Lyric, Lyžař, Lyžka, Lžíce, Lžička, M.M.N.Z., Mabr, Mac, Maca, Macawi, Macek, Maci, Macíček, Macík, Macin, Mack, Maculda, Máča, Máček, Mačeta, Mačka, Mačo, Máďa, Madam, Madeline, Madi, Madla, Madlenka, Madlis, Maeglin, Maf, Maff, Mafián, Magaskawin, Magda, Magdalena, Maggy, Magí, Magic, Magič, Magma, Magnet, Maho, Mahoni, Mahony, Mahu, Mahulena, Mach, Machaj, Máchal, Machr, Machu, Maiky, Mail, Mája, Maják, Majča, Majda, Májenka, Majk, Majka, Majki, Majkl, Majkla, Majky, Major, Majťa, Majzl, Mák, Máka, Makak, Makaku-Maki, Makamza, Makča, Maki, Makina, Mako, Makol, Makovička, Makrofág, Maku, Makula, Makule, Maky, Makyna, Malami, Malamut, Malbloudice, Malčuk, Malda, Malej, Malej Bobr, Malej John, Malej Weyr, Malenka, Málí, Malíček, Malík, Malina, Maliňák, Malmed, Maľučký, Maluška, Malvína, Malý John, Malý Pes, Malý Smoky, Malý Sokol, Máma, Mamba, Mamča, Mamina, Maminka, Mamka Kachnička, Mamoň, Mamu, Mamud, Mamut, Mamutice, Mamutík, Man, Maňa, Maňas, Manda, Manďák, Mandálek, Mandarinka, Mandl, Mandlička, Mandoška, Mandy, Mánek, Mang, Mangas, Mango, Mánička, Maník, Manka, Manký, Mantinel, Manu, Maňule, Many, Mao, Mapa, Mapiš, Mára, Marabu, Marátor, Marbuel, Marc, Marcel, Marcela, Marcelka, Marcigo, Marcitů, Marča, Marče, Marčello Mastrojány, Marčelo, Marek, Marek Jakub, Marek Rudolf, Mareš, Marfuše, Margaret, Margit, Margita, Mari, Mária, Marian, Mariana, Marianka, Marianna, Marie, Marie Anna, Marie Laura, Marie Luise, Marie Magdalena, Marie-Klára, Marieta, Marigold, Marika, Marina, Márinka, Mário, Marion, Marjánka, Marka, Markét, Markéta, Markéta Berenika, Markéta-Lucie, Marki, Markízo, Marko, Marky, Markys, Markytka, Markýza, Markýzka, Marley, Marmeláda, Marmoš, Maro, Maroš, Marry, Marsé, Maršál, Marta, Marťa, Marťan, Marťas, Martečka, Mártí, Martička, Martin, Martin Josef, Martin ml., Martin Packa, Martin Tomáš, Martin Václav, Martina, Martini, Martinka, Marty, Maru, Marufík, Maruš, Maruška, Marvin, Marvy, Marx, Mary, Marys, Márža, Mařena, Mařenka, Máří, Masák, Masa-kasa, Masařka, Maskáč, Máslo, Maso, Masox, Massox, Masti, Maš, Máša, Mášek, Mašinka, Mašut, Mat, Maťa, Matáčka, Matahari, Mate, Matěj, Matěj, Matěj Michal, Matěj O., Matěj Vlastislav, Matemar, Matematik, Mateřídouška, Mates, Mateusz, Matička, Matla, Matlák, Matonka, Matouš, Matoušek, Matra, Matrix, Matthew, Matthieu, Matty, Maty, Matyáš, Matyjáš, Matylda, Matysaj, Matýsek, Mau, Maud, Mauglí, Maurenc, Maurie, Maus, Mausi, Maverick, Max, Maxa, Maxim, Maxmilián, Maxmilián Michael, Maya, Mayako, Maybe, Mayka, Mazák junior, Mazánek, Mazda, Mazel, Mazi, Mazlík, Mazut, Mazutt, Mazyna, Mažír, MBčko, Me2d, Med, Méďa, Méďa Béďa, Meddie, Medi, Medik, Medin, Médium, Medle, Medmen, Medojed, Meďoun, Medunka, Meduš, Medúza, Medvěd, Medvěd Balů, Medvědice, Medvídě, Medvídek, Medži, Medžus, Megafon, Meggi, Megí, Megie, Megy, Megynka, Mehlo, Mehu, Mech, Mecháček, Mechin, Meica, Meivis, Mejla, Mek, Meki, Měkoň, Meky, Melanie, Meli, Melian, Melichar, Melissa, Meloun, Meluzínka, Mendík malej pindík, Menhir, Mentolka, Merci, Mercy, Merkur, Merlin, Merry, Meruňka, Mery, Měsíc, Měsíček, Mesr, Mesršmit, Messany, Met, Metaxa, Metelka, Meteo, Methan, Metoděj, Metráček, Meťuť, Mety, mex, Mexa, Mia, Míca, Mical, Mican, Micek, Mici, Micka, Mickey, Micky, Micro, MicroMike, Microwendy, Míček, Mičkinikwa, Midgi, Midži, Migel, Migi, Miguel, Miguelll, Mihal, Mihanka, Mihule, Míchačka, Michael, Michaela, Michal, Michal František, Michala, Michala Kateřina, Miike, Mik, Mika, Mikan, Mike, Mikesh, Mikeš, miki, Mikimaus, Mikki, Mikoláš, Mikro, Mikro Maja, Mikrob, Mikroskop, Mikš, Mikuláš, Miky, Míla, Milada, Milan, Milan, Milan Jan, Milan ml., Miláno, Milda, Milena, Milhaus, Milhouse, Mili, Miliamper, Milka, Milofek, Miloň, Miloslav, Miloslav Jan, Miloslav Jiří, Miloslava, Miloš, Milouš, Mils, Milti, Miluna, Miluše, Miluška, Mim, Mima, Mimi, Mimino, Mimoň, mimoza, Mina, MindaPinda, MINEHAVA, Minerálka, Minewakan, Minh Tung, MINI, Minico, Minikrálik, Minitú, Mink, Minka, Minnie, Míno, Miňonka, Mintaka, Miny, míra, Mirabelka, Mirach, Mirča, Mirďa, Mireček, Mirek, Miri, Miriam, Mirinda, Miris, Mirjana, Mirka, Mirko, Miro, Mirosav, Miroslav, Miroslava, Mirouš, Miry, Mířa, Miřek, Misha, Misch, Miska, Mistique, Miš, Míša, Míša Jo, Míša Š., MiŠaf, Mišák, Míšala, Miši, Mišix, Miška, Miškec, Mišoň, Míšouč, Mišta, Mišut, Mišwe, Míťa, Mitch, Mitchi, Mjůra, Mládě, Mladý Vlk, Mlask, Mlčenka, Mlčoch, Mlejňas, Mlejnek, Mlha, Mlíko, Mlok, Mlska, Mluvka, Mlýn, Mlynář, Mlž, Mlžík, Mňamon, Mňauín, Mněhně, Mněch, Mnějéša, Mnich, Mobil, Model, Modelína, Modráček, Modrák, Modras, Modrásek, Modré oko, Modrokuka, Modroočko, Modrovous, Modrozoubek, Modřík, Modřinka, Mofik, Mogája, Mochíto, Mochna, Moja, Mojmír, Mojžíš, Mokasín, Moko, Mokrar, Mokroš, Molekula, Moli, Momo, Mona, Moňa, Monča, Monči, Mončič, Mončičák, Mongol, Moni, Monika, Monk, Monkey, Mont, Monťa, Monte, Montek, Monti, Monty, Moný, Monyn, Mood, Moon, Moquai, Mor, Moráva, Moravec, Morče, Morek, Morgan, Mort, Mořic, Moskit, Moskyt, Mošna, Mot, Móťa, Motáček, Moták, Motáš, Motejl, Moti, Motla, Motor, Motorka, Motouz, Motyka, Motýlek, Moucha, Mouka, Moulin, Mourek, Mozart, Mozek, Mozi, Možná, M-P, Mráček, Mráva, Mravenec, Mraveneček, Mravenečník, Mravi, Mráza, Mrazík, Mražák, Mrkač, Mrkef, Mrkev, Mrkív, Mrkva, Mrky, Mrňa, Mrně, Mrňous, Mróza, Mrož, Mrtvá Duše, Mrtvolka, Mručoun, Mrzáček, Mrzout, Mříža, Mudra, Mudrc, Muf, Mufa, Muff, Muffi, Muffin, Mufi, Muflon, Mucha, Mukóki, Mumie, Mumís, Mumla, Mumu, Mungo, Mupy, Můra, Murph, Mushashi, Musli, Muslim, Musqa, Musqwa, Mustafa, Mustang, Muška, Mušketýr, Muty, Muzikant, Mydlinka, Mýdlo, Mychal, Myki, Myky, Mylun, Mymy, Myslík, Myš, Mýša, Myšák, Myši, Myšík, Myšítko, Myšivka, Myška, Myškin, Myšlenka, Myšmaš, Myšpulín, Myšul, Mýval, Mývalka, N2, Nab, Nácíček, Náčelník, Naďa, Nadal, Naděžda, Nadík, Naďka, Ňafka, naGa, Nagi, Náhl, Najča, Najmi, Najmič, Nakliš, Nalym, Ňam, Náměstek, Ňamka, Námořník, Nancy, Nanuk, Nany, Napoleon, Náprstek, Naruto, Narval, Narya, Nashville, Nasťa, Nastassja, Nata, Natali, Natalí, Natália, Natálie, Natalie Anna, Natálka, Natan, Nataniel, Nataša, Natěrač, Nathanael, Natka, Natty, Natuš, Naty, NatyT, Naum, Nautík, Nautil, Nautilus, Nava, Navi, Navigátor, Nazdar, Neboj, Nebojsa, Nebozez, Necky, Neewa, Neggy, Nehasil, Nehtík, Nejsi, Nejstarsi, Nek, Neklan, Nekůl, Nela, Nella Anna, Nelly, Nelzn, Ňemi, Nemo, Nene, Neny, Neo, Neptun, Nerez, Nero, Nerous, Nervík, Nesquik, Nesy, Nešika, Net, Néťa, Netom, Netopýr, Netopýr z Karpat, Netto, Netvor, Nety, Netyka, Neuro, Nevada, Nevča, Neverin, Nevim, Nevřa, Newman, Nezmar, Neználek, Něža, Niara, Nibowaka, Nick, Nicol, Nicol Alexandra, Nicola, Nicolas, Nicole, Nicolle, Nicy, Nightwatch, Nik, Nika, Nikča, Niki, Nikita, Nikol, Nikola, Nikolas, Niky, Nikyler, Nina, Nina Sofie, Nínien, Ninja, Ninka, Nio, Nipon, Nisa, Nitka, Niva, Nob, Nobi, Noblesa, Noční Můra, Noemi, Noh, Nohy, Nokima, NoName, Nony, Nora, Norbert, Norek, Nori, Nosí dříví, Notes, Ňouma, Nováček, Novi, Novic, Novinářka, Nožka, Nšoči, Nšo-či, Ňůbík, Nudle, Ňuf, Nugetka, Nuggeta, Numira, Nuni, Ňuňu, Nutela, Nutella, Nutri, Nutty, Nuty, Nykté, O2, Obel, Obelix, Obětík, Obéza, Obi, Obivan, Oblak, Oblek, Obr, Obřík, Ocásek, Očko, Očumun, OD, Odo, Odrazka, Odym, Oetker, Off, Offline, Ofka, Oggy, Ogi, Ogr, Oharek, Ohař, Oheň, Ohitika Mato, Ohňa, Ohnivák, Ohnivec, Ója, Ojka, Ojkos, Ojo, Ojta, Ojtík, Okami, Okeo, Oki, Oko, Okoun, Okurka, Ola, Olaf, Old Housenka, Olda, Oldřich, Oldřich Petr, Oldřiška, Oldyk, Oleg, Olena, Olga, Oli, Olie, Olin, Olina, Oliva, Oliver, Olivie, Olivka, Ollie, Olovo, Ombré, Omega, Omeletka, Omyl, Óňa, Ondatra, Ondra, Ondra Marek, Ondral, Ondrej, Ondřej, Ondřej Jaroslav, Ondy, O‘neal, Oňka, Oňo, Onřej, Ontario, Onuck, Onví, Op, Opel, Opeřený, Opi, Opic, Opice, Opičák, Opička, Opičkin, Opo, Opoč, Ora, Oraf, Oranice, Orbit, Orel, (Orchi), Ori, Oriak, Origo, Orleans, Orlík, Orlo, Orm, Ornela, Orwen, Orynž, Ořech, Ořez, Oři, Oříšek, Osamu, Osan, Osika, Osin, Oskar, Oskar junior, Oskárek, Oskarka, Osky, Oslík, Osoba, Ostatek, Ostružinka, Ostříž, Osud, Oštěp, Ošuska, Ota, Otá?ka, Otakar, Oťas, Otazníček, Otazník, ?, Otecko, Ótéčko, Otes, Otesánek, Otík, Otmar, Oto, Otokar, Otomáma, OTP, Otresánek, Otrok, Otta, Otto, Otto- Antonín, Otyla, Ouško, Ovce, Ovčák, Ove, Ovečka, Oves, Oxana, Oxford, Oznam, Ozzák, Ozzi, Ozzy, Ožík, P.D., P.T., P@ja, Paaja, Pááťa, Paavo, Pablo, Pabouk, Pabu, Pacička, Pacík, Packa, Packi, Pačes, Pačesík, Páčka, Páda, Padáček, Padák, Padam, Paddy, Pádík, Pádlo, Padre, Pady, Paf, Paffča, Pafka, Pachanga, Pacho, Paja, Pája, Pajáda, Pajasan, Pajca, Pajda, Páji, Pájín, Pájja, Pájka, Pajo, Pajson, Pajtáš, Pajuk, Pájule, Paka, Pakita, Paklíč, Pako, Pakůň, Palče, Palda, Paleček, Paleš, Pali, Palič, Palička, Palis, Pálkař, Palma, Palmát, Pam, Pameliška, Pampa, Pampalíni, Pampe, Pampelišák, Pampeliška, Pampi, Pampy, Pán, Pán času, Pan Čvacht, Pan Káťa, Pan král Jelimán, Panda, Pandemik, Pando, Pandur, Pandy, Panel, Panenka, Pancho, Paní Doktor, Panika, Pankáč, Panožka, Pant, Panter, Panther, Paolo, Pap, Pápa, Papája, Papča, Papež, Papi, Papina, Papiňák, Papír, Papírek, Papouch, Papoušek, Paprika, Papulos, Pára, Pard, Pardál, Páreček, Párek, Paris, Parkur, Parmesan, Pároš, Pařez, Pařezník, Pásek, Pásenka, Pasqual, Pasta, Pastelka, Paša, Pašík, Paštika, Paštim, Pašupa, Pat, Páťa, Pátek, Páter, Patka, Patlal, Patník, Patricie, Patrick, Patrik, Patrik Neri, Patris, Paul, Paul Black, Paula, Paulina, Paulo, Pavča, Pavel, Pavel>X<, Pavelo, Pavián, Pavka, Pavla, Pavlač, Pavlajda, Pavlík, Pavlína, Pavlucha, Pavol, Pavouček, Pavoučice, Pavouk, Pavučinka, Pawleeczeg, Pax, pazi, Pazzicz, Pažburg, Pažitka, Pažout, PC virus, Pea, Peca, Pecák, Pecan, Peci, Pecka, Pečárka, Pedro, Pedro DMG, Pedy, PeeBee, Pef, Pegas, Peggy, Pego, Péguy, Pegy, Pehan, Pechy, Pejrak, Pejsek, Pejťa, Pejzi, Pekárek, Pekelník, Peklo, Pekoš, Peky, Peli, Pem, PeMo, Pemprs, Pendolino, Pendrek, Penelopka, Pěnkava, Peon, Pepa, Pepajz, Pepan, Pepča, Pepčák, Pépé, Pepek, Pepi, Pepíček, Pepík, Pepin, Pepina, Pepíno, Pepke, Pepo, Pepr, Peprmint, Pepřák, Pepš, Pepus, Pérák, Peregrin, Perla, Permi, Permon, Permoník, Perňa, Perníček, Pernik, Péro, Peroxid, Perry, Persi, Persil, Peršan, Peřina, Pes, Pesan, Péša, Pešek, Pešl, Pešni, Pešour, Pešovka, Pešu, Pet, Péťa, Peta-kuta, peťan, Peťarda, Peťas, Peté, Peter, Peti, Pětikoruna, Petišu, Peťka, Petr, Petra, Petrák, Petranka, Petras, Petrolejka, Petruška, Petříček, Petřík, Pett, Petuf, Peťul, Peťula, Peťule, Peťulka, Peťura, Pety, Petyna, Pham, Philip, Phillip George, Phoe, Pica, Picaso, Picasso, Pid, Píďa, Píďala, Píďalka, Pidi Midi, Pidlovočko, Pídý, Pierre, Piet, Pif, Pif Paf, Pifík, Piggy, Pigi, Piháček, Píchič, Piík, Pík, Pikačus, Pikachu, Piki, Pikiten, Piko, Pikolík, Piky, Píla, Piláně, Pilka, Pilot, Pilulka, Pim, Pimpa, Pinďa, Pindruš, Pindruše, Pingo, Pingoš, Pingu, Pinguí, Pinka, Pinky, Pinocchio, Pinokio, Pinqui, Pip, Pípa, Pípas, Pipi, Pipin, Pipka, Pipla, Pipta, Píra, Piraňa, Pirát, Pirátka, Pirilík, Pírko, Pírs, Píseček, Písk, Pískle, Pískoň, Piskoř, Pískovec, Písmenko, Písnička, Píst, Píša, Piši, Pišišvor, Piškot, Piškota, Piškotka, Piškvor, Piškvořík, Pišta, Píšťalka, Piště, Pištík, Pišto, Pišťuch, Pišťucha, Pit, Píťa, :Píťa, Píťan, Pití, Pitkin, Pitlík, Pítr, Pítrásek, Pitris, Pitrísek, Pítrs, Pitrýsek, Pítý, Piuát, Pivass, Pivo, Pivoňka, Pivoš, PiXla, Pixy, Pizi, Pizin, Pizizup, Pizzi, Pižďula, Pižla, Pižma, Plácíček, Plachetka, Plamen, Plamenka, Plamínek, Plamy, Plaňďa, Plánička, Plantažník, Plašák, Plašan, Platejz jr., Platejz sr., Pláteník, Plaváček, Plavčík, Plavka, Plazuch, Plecháček, Plejtvák, Plesk, Plevelka, Pleytváš, Plína, Plížil, Ploutváč, Plšík, Plťa, Pluto, Plyšák, Plž, Po, Pocahontas, Pocy, Podkova, Podkovák, Podrážka, Pody, Podzimouš, Poeta, Pohanka, Pohoda, Pohy, Pojízdná Encyklopedie, Pokič, Poky, Pól, Pól Bulva, Polárka, Polda, Polednice, Poletucha, Poli, Polič, Polička, Pollux, Polo, Poly, Pomalá, Pomeranč, Pomis, Pomněnka, Pompo, Pončo, Ponga, Poník, Ponny, Ponožka, Pony, PooH, Pool, Pope, Popelka, Popi, Popin, Popleta, Poppy, Popy, Porcelánek, Pórek, Porto, Pory, Pořadatel, Poříz, Poseidon, Posel, Pospa, Pospec, Pošík, Pošťák, Poštolka, Poťák, Potápka, Potápník, Potík, Poťka, Potkan, Poto, Potok, Poulík, Poupě, Poustevník, Poutník, Povidlo, Pozlátko, Pracka, Práče, Pračkovej, Prach, Prachy, Prak, Pralinka, Praporčík, Prasoň, Prášek, Pravdomil, Právník, Pravoslav, Prcek, Prcek zálesák, Prcka, Prďa, Prdelka, Prďoch, Preclík, Preso, Prezident, Prim, Primus, Princezna, Prkno, Procesor, Proč, Prof, Prófa, Profesor, Proflink, Prochor, Prokec, Proklínač, Prokop, Prokop Kamil, Proky, Propan, Propy, prostě Dan, Prošek, Proutek, Proužek, Provázek, Prskavka, Průnik negací, Prupiska, Průzkumník, Průža, Pružina, Pružinka, 1. Muž, 1. Žena, Přeceda, Předák, Předseda, Přema, Přemek, Přemet, Přemík, Přemysl, Přeslička, Přísavka, Příšerka, Přítula, Psárka, PSP, Pštros, Ptáče, Ptáček, Pták, Ptakopysk, Ptero, Pú, Pucek, Pučmeloun, Puddy, Pudee, Pudil, Puding, Pudlík, Puer, Puff, Pufík, Puja, Puk, Pukavec, Puky, Pulec, Puleček, Půlhajná, Puma, Pumeta, Pumpa, Pumpička, Punčocha, Punčoška, Puňťa, Puntík, Puny, Pupča, Pupuška, Purlak, Pusa, Pusík, Pusinka, Pustil, Puška, Puštík, Puťule, Pyraně, Pyro, Pyromanka, Pytkylik, Pytlík, Pytloš, Pytris, Qáče, Qakin, Qakoš, Qéčko, Qiki, Qíky, QQ, Q-ry, Quan, Quasi, Qub, Quein, Quelle, Quency, Quert, Quiďák, Quido, Quiky, Quirinius, R2, Rabbi, Rabbitka, Rabín, Ráca, Racek, Racer, Raci, Racochejl, Ráček, Ráďa, Radan, Radana, Radar, Raďas, Radbor, Raddley, Radeček, Radek, Radim, Rádio, Radislav, Radka, Radko, Radmila, Radomila, Radomír, Radomíra, Radoslav, Radoslava, Radouš, Radovan, raduzka, Radvan, RAF, Rafael Ladislav, Rafan, Rafča, Ráfek, Ragy, Rachel, Ráchel, Ráchel Magdaléna, Rainer, Rajčátko, Rajče, Rak, Raketa, Raki, Rákos, Rákosníček, Rákosník, Rakša, Ralfík, Rama, Rambo, Rambo(usek), Ramenáč, Rampa, Rampi, Rampouch, Rámus, Ramya, Ran, Rančer, Randa, Randal, Randolf, Ranger, Rango, Rarach, Rarášek, Rasputin, Rasta, Rastislav, Rašplička, Ratlík, Raven, Ray, Ray-Ban, Raymond, Razy, Ražoňka, Rea, Reaspady, Rebeka, Rebeka E., Rebel, Rebelka, Rebit, Red, Reddie, Redy, Regi, Regina, Regis, Regísek, Rej, Rejč, Rejka, Rejnie, Rejnok, Rejpal, Rejsek, Rejža, Rejže, Pikaso, Rembry, Rempa, Renata, Renata Isabela, Renča, Renda, Renďa, Rendlik, Rendy, René, Rep, Repelent, Retkvik, Reuters, Rex, Rey, Reyp, Réza, Rézi, Rézinka, Rézka, Rézy, Ria, Ribana, Ribanna, Ribbka, Ribička, Ricco, Rick, Ricky, Ricola, Riči, Rigol, Richard, Rijátko, Rik, Rika, Riki, Rikitan, Rikitikitava, Rikki, Riky, Rimmer, Ringo, Ringy, Rinťa, RintinTina, Riš, Ríša, Ritchie, Rivka, Rob, Robax, Robbin, Robert, Robes, Robin, Robin-Mirda, Robinson, Robinzon, Robka, Robo, Robot, Roby, Rocki, Rocky, Ročky, Roderick, Rodrigo, Rogallo, Rogalo, Roger, Rogo, Rohlajz, Rohlík, RoK, Roland, Rolf, Rolnička, Roman, Romana, Románek, Romano, Romantik, Romcek, Romča, Romel, Romeo, Romík, Rominda, Romitů, Rommy, Romulus, Romy, Ron, Ronaldo, Roni, Ronja, Ronnie, Rony, Ropák, Ropík, Ropuš, Ros, Rosa, Rosalie, Roseanne, Rosňa, Rosnička, Rosomák, Ross, Rosťa, RosŤal, Rostislav, Rostlina, Rostyslav, Rošt, Roubík, Roubís, Roumen, Roura, Rous, Roxana, Roxtidy, Roy, Róza, Rozálie, Rozárka, Rozbuška, Rozi, Rozinka, Rozka, Rozmarýnek, Roztoč, Rozum, Rozvaděč, Rozver, Róža, Rubby, Rubi, Ručník, Ruda, Rudá sestra, Rudolf, Rudovous, Rudy, Ruli, Rumánek, Rumcajs, Rumíš, Rumpál, Runa, Runcajs, Rupi, Ruprd, Rusák, Rusalka, Rusi, Rusy, Ruth, Rutka, Růža, Růže, Růžek, Růžena, Růženka, Růžokvět, Růžovka, Ryan, Ryba, Ryback, Rybář, Rybča, Rybička, Rybíz, Rybka, Rybka Lidka, Rychlík, Rychlonožka, Rychlý Jelen, Rýmař, Ryngla, Rys, Rysík, Ryša, Ryška, Ryzoto, Rýža, Ředitel, Ředkvička, Řehtačka, Řehula, Řechta, Řechtačka, Řechtalka, Řechtoň, Řepa, Řepák, Řetěz, Řezník, Řihuš, Říman, Řípek, Řízek, Řízka, Řvoun, Sabina, Sabu, Sáček, Sáďa, Saddám, Sádelník, Sadíg, Sádra, Safari, Sahara, Sahi, Sahib, Sachr, Saiga, Saigon, Saimon, Saip, Sajmon, Sakus, Salám, Salamandr, Salámek, Salátek, Salen, Sali, Salix, Sally, Salome, Salw, Saly, Sam, Samanta, Samba, Sambus, Samek, Samice, Samo, Samotář, Samson, Samsung, Samuel, Samvěd, Saň, Sandokan, Sandra, Sandrik, Sandwich, Sandy, Sandy155, Sanitka, Sanorin, Santa, Santini, Sany, Sapík, Sapon, Sára, Sára Anne, Sarah, Saranče, Saranzaya, Sardinka, Sarka, Sarty, Sása, Sasanka, Sáš, Saša, Sašenka, Sašík, Satan, Satelit, Satys, Sauli, Saunič, Sauri, Sauron, Savana, Saxána, Sběrač, Scott, Scrivi, Se, Se´Nedra, Seat, Seb, Sebastián, Sed, Sedlik, Sedlo, Sedmihlásek, Sedmikráska, Sedmina, Segal, Segi, Ségra, Sejček, Sejky, Sejtko, Sek, Sekáč, Sekačka, (Se)Kačka, Seker, Sekerka, Sekerník, Sekki, Sékorka, Selda, Sem, Semi, Sendy, Senior, Seno, Senta, Senťa, Sepan, Sépi, Sepka, Sepra, Septim, Sergej, Sermir, SERŽA, Seržant, Sesia, Sesmál, Sestřenka, Sešlo, Set, Seton, Settak, Sever, Severka, Seveřan, Seveřanka, Shade, Shali, Shani, Sharagu, Shark, Sharp, Sharpey, Shaun, Shaya, Sheia, Sherlock, Sherly, Shery, Shewe, Shido, Shift, Shimako, Shoe, Shorty, Shot, Shrek, Schepet, Scherly, Schodík, Schopík, Schweini, Sid, Sida, Sidi, Sidžo, Sifon, Siggi, Sigi, Sija, Sika, Siki, Siky, Silák, Silas, Silva, Silver, Silvestr, Silvestra, Silvia, Silvie, Sim, Síma, Simba, Simča, Simeona, Simon, Simona, Sin, Sindibád, Sindy, Sípa, Sir, Siréna, Siri, Sirii, Sirka, Siruš, Sis, Sisa, Sisel, Sisi, Sissi, Síťka, Sítr, Sivák, Siven, Sixtík, Skaatchi, Skali, Skalík, (S)Káťa, Skejťák, Skener, Sketmen, Skip, Skiper, Skipi, Skippy, Skipy, Sklenička, Sklíčko, Skoba, Skokan, Skokanka, Skoky, Skona, Skot, Skotice, Skrblík, $krblík, Skrček, Skrret, Skřet, Skřéťa, Skřifi, Skříťa, Skřítek, Skřítka, Skříva, Skřivan, Skuhr, Skukúm, Skvípoš, Skypi, Slaďouš, Slam, Slámoš, Slanec, Slaneček, Slanina, Slave, Slávek, Slávek Miroslav, Slavíček, Slavík, Slávina, Slávka, Slavoj, Slavomil, Slavomír, Slečínek, Slída, Slim, Slimák, Slípka, Slíva, Slivka, Slon, Slonča, Sloneček, Sloník, Sluchátko, Slůňa, Slunce, Slunda, Slůně, Slunec, Slunečnice, Sluni, Sluníčko, Slunko, Slzička, Smail, Smajl, Smajlík, Smeagol, Smědava, Smejky, Sméťa, Smetáček, Smeták, Smích, Smíchus, smikovo, Smilie, Smíša, Smíšek, Smišík, Smítko, Smogon, Smoke, Smolař, Smolda, Smolíček, SmolPachol, Smrček, Smrk, Smúla, Smurf, Smuty, Smyk, Sněhula, Sněhulák, Sněhulík, Sněhurka, Snejk, Sneu, Sňéža, Sněženka, Sněží, Snílek, Sniper, Snížek, Sníženka, Snoopy, Snorri, Snortlin, Snox, Sob, Sobík, Sobol, Sodži, Sofia Anna, Sofie, Sofie Michaela, Socha, Sochy, Sojak, Sojka, Sojpi, Soki, Soko, Sokol, Soky, Soliman, Soňa, Sonar, Sonďa, Song, Soník, Sonny, Sophie, Sopka, Sopt, Sopťa, Soptík, Sopťulka, Soran, Sos, Sosák, Sosna, Soused, Souška, Sova, Sovča, Sovi, Sovička, Spacák, Spálenky, Spanilka, Spartykus, Speedy, Spěchálek, Spejbl, Spíďa, Spider, Spinky, Spísa, Spit, Spojka, Spok, Sporák, Sporťák, Sportík, Spořín, Sprchy, Sqoterka, Squaw, Srdce, Srdíčko, Srna, Srnka, Srstka, Sršeň, St. Seržant, Stag, Stáňa, Standa, Staník, Stanislav, Stanislav ml., Stanislava, Stanisław, Stanleey, Stanley, Stano, Stark, Starosta, Starostík, Starouš, Starys, Stařenka, Stázka, Steak, Steeve, Stefanie, Stefi, Stego, Steh, Stehno, Stela, Stella, Sten, Stenley, Stenli, Stenly, Ster, Steve, Stez, Stifa, Stig, Stíhačka, Stín, Stinda, Stody, Stoleček, Stolička, Stonožka, 100Nožka, Stop, Stop., Stopa, Stopař, Stopařka, Stopka, Stoupa, Stožár, Straka, Strakáček, Strašidýlko, Strážca, Stréc, Strejda, Strejda Bob, Strig, Strike, Strojník, Strojvůdce, Stromeček, Strůn, Strunka, Strýček, Střamla, Střapeček, Střela, Střelec, Střelka, Střep, Střevlík, Střípek, Střízlík, Stuart, Studánka, Stulda, Stur, Stydlín, Su-ča, Sud, Sue, Sucháč, Suk, Suka, Suku, Sumec, Sumeček, Sumík, Sunar, Sunny, Sup, Sur, Suri, Surikata, Suro, Surykata, Sushi, Sušenka, Suvenýr, Sůvička, Sůvka, Suzan, Sváča, Svačina, Svaťa, Svatava, Svatojánek, Svatopluk, Sven, Světla, Světlana, Světlušák, Světluška, Světýlko, Svíčule, Svišt, Svišťa, Svišťo, Svíťa, Svízel, Svižník, Svobik, Swan, Sweet, Swida, Sybila, Sýček, Sýkorka, Syky, Sylva, Sylvén, Sylvie, Sylwia, Symbo, Sympa, Synek, Synovec, Syrka, Sysel, Sysla, Syslík, Šáfa, Šafi, Šafrc, Šagi, Šahanka, Šachista, Šája, Šak, Šakal, Šakalka, Šaky, Šála, Šálí, Šalin, Šam, Šaman, Šamanka, Šámot, Šampus, Šán, Šána, Šáňo, Šany, Šapa, Šárec, Šárka, Šárlí, Šarlota, Šarp, Šáruš, Šáša, Šašek, Šáší, Šašík, Šat, Šáťa, Šátek, Šavle, Šavra, Šebestián, Šebík, Šeby, Šed, Šeďa, Šedák, Šedivec, Šedý Bobr, Šedý Vlk, Šéf, Šéfa, Šéfik, Šéfka, Šéfová, Šejk, Šejna, Šeli, Šemík, Šenky, Šeptal, Šerif, Šerloka, Šermen, Šerpa, Šery, Šešulka, Šetlí, Ševa, Šewon, Šídlo, Šídloň, Šifra, Šík, Šikma, Šikula, Šikulka, Šiky, Šíma, Šimáno, Šimča, Šimi, Šimon, Šimon Jindřich, Šimon Pavel, Šimpanz, Šimpí, Šimpy, Šimral, Šíms, Šimša, Šinclik, Šindy, Šinoda, Šíp, Šípek, Šipka, Šíra, Širda, Širokko, Šíša, Šiši, Šiška, Šiška borová, Šiškoun, Šišule, Šitej, Šiyotanka, Škarbol, Škarpa, Škeblis, Škebloň, Škeli, Šklíba, Školastyk, Školkáček, Škorpik, Škorpion, Škot, Škoťák, Škrabák, Škrabka, Škraňa, Škrtička z Mrázovky, Škub, Škubánek, Škubis, Škubka, Škublík, Škuboš, Škupe, Škutik, Škvára, Škvarek, Škvírka, Škvor, Škvořice, Škvrně, Šlagi, Šlapetka, Šle, Šlehy, Šlípek, šluky, Šmajdalf, Šmajki, Šmako, Šmaminka, Šmáťa, Šmatla, Šmehla, Šmejdík, Šmička, Šmíd, Šmidla, Šmidra, Šmirgl, Šmodra, Šmoula, Šmoulina, Šmoulinka, Šmu, Šmudla, Šmudlinka, Šmuk, Šnappy, Šneček, Šnečka, Šnejda, Šnek, Šněrka, Šnitzl, Šnorby, Šňupka, Šnycl, Šogun, Šoha, Šolim, Šón, Šony, Šory, Šošoka, Šošón, Šotek, Šoty, Šoust, Šouvit, Šouvitka, Šovin, Špacír, Špaček, Špaget, Špageta, Špagetka, Špaggy, Špagy, Špachtle, Špajz, Špajzka, Špalda, Špalek, Špáňa, Špáťa, Špeh, Špejbl, Špejla, Špejle, Špek, Špelec, Špendlík, Šperk, Špéťa, Špetka, Špinda, Špión, Šplhoun, Šprot, Šprýmař, Špulka, Špunt, Špuntík, Šrabka, Šrája, Šrám, Šrek, Šrot, Šroubek, Štafflik, Štafle, Štaflička, Štaflík, Štajgi, Štefan, Štefanie, Štefek, Šteffka, Šteini, Štěňa, Štěně, Štěnice, Štěpa, Šťépa, Štěpán, Štěpána, Štěpánka, Štěpek, Štěpfoun, Štěpi, Štěpka, Štěpnička, Štěpule, Štěstí, Štěteček, Štětka, Štichýno, Štika, Štip, Štípadlo, Štír, Štístko, Štófa, Štofi, Štofík, Štoky, Šťopka, Šťoura, Šťovík, Štrachalka, Štrůdl, Štruple, Štuky, Štych, Šubrt, Šudla, Šufan, Šuflér, Šůgr, Šukyn, Šulín, Šumák, Šuměnka, Šumi, Šupec, Šuperka, Šupináč, Šupinka, Šuplík, Šusta, Šusu, Šušu, Šůta, Šutr, Šůtr, Šutrák, Šva, Šváb, Šváca, Švadla, Švambor, Šváňa, Švára, Švejdy, Švejk, Švejšušu, Šveska, Švestka, Švígra, Švihulka, Šwabča, Šýdlo, Šyška, T.B., Tab, Tabletka, Tačud, Táda, Tadeáš, Tadewi, Tágo, Tahák, Tahoun, Taiwan, Tajfun, Tajňák, Tajvoj, Takin, Taklbery, Talka, Talovín, Taly, Tam, Tama, Tamara, Tamča, Tameike, Támhle, Tami, Tampón, Tamšel, Táňa, Tandy, Tank, Ťap, Tapi, Ťapík, Tapin, Ťapka, Tapuše, Tarantule, Tarbínek, Tarzan, Tasmík, Táta Donald, Táta Medvěd, Taťana, Tatanka, Tatar, Tatarka, Tatík, Tatín, Taťjána, Taťka, Tatranka, Tatvor, Taveňák, Tavi, Tawi, Tawy, Taxík, Taxis, Tayllor, Tazi, Táža, Tea, Teal‘c, Tebi, Tecklis, Tečka, Ted, Téďa, Teddy, Tedy, Tee, Tee - Pee, Teepee, Tee-pee, Technickej, Technik, Teí, Teja, Teka, Tekumseh, Těmaj, Tempo, Teni, Tenisák, Teniska, Tenten, Teo, Teodor, Teodor André, Teodora, Teor, Teoretik, Tepa, Téra, Terčuč, Terez, Tereza, Terezie, Terezie :D, Terezie Františka, Terezie Zdislava, Terezka, Teriška, Terka, Term, Terma, Termík, Termiš, Termit, Termixa, Termixka, Termoska, Terorista, Terry, Terry Fox, Tery, Tesáček, Tesák, Tesil, Tess, Těsto, Těstovina, Tesy, Ťéša, Teta, Teta Boženka, Teta Šárka, Tete, Teti, Tetřev, Theiwaz, Theodor, Theodor Albert, Thom, Thomas, Thopinka, Thor, Thorin, Thran, Thromulus, Thufir, Thurin, Tchoř, Tibor, Tička, Tidlo, Tichoš, Tichošlap, Tichošlápek, Tichý Mokasín, Tik, Tik Tak, Tiki, Tikťak, Tim, Timbo, Timi, Timmy, Timotej, Timoteus Jan, Timoty, Timy, Tin, Tina, Tinek, Tinka, Tinky, Tiňťa, Tiny, Tisky, Tiše, Tíšek, Tiška, Titty, Tiwi, Tk, Tkaj, Tkaňa, Tkanička, Tkaničkyn, Tláča, Tlačenka, Tlachal, Tlamas, Tlampa, Tlampač, Tlapa, Tlapka, Tlesk, Tlouštík, Tlusťoch, Tób, Tobey, Tobi, Tobiáš, Tobík, Toby, Tofík, Tofu, Togr, Toje, Tom, Tomačko, Tomaj, Tomák, Toman, Tomas, Tomasz, Tomáš, Tomáš S., TomCat, Tomek, Tomeš, Tomigo, Tomík, Tomino, Tomio, Tomislaf, Tomiš, Tomka, Tomket, Tomm, Tommy, Tomoo, TomR, Tomsen, Tomsík, Tomsn, Tomson, TomTom, Tomus Tatarus, Tomy, TomZbr, Ton, Toňár, Toncek, Tonča, Tonda, Tonička, Tonny, Tony, Ťop, Topča, Topík, Topinka, Topol, Topsana, Tor, Tora, Tori, Tornádo, Torpédo, Torpi, Totalgym, Totem, Totiž, Totmi, Toto, Touavej, Toust, Toustík, Tovi, Tovy, Trabant, Traktor, Trapper, Tráva, Trča, Trenér, Trenk, Treska, Trevor, Trezor, Trfel, Trhač, Trhalka, Tričko, Triniti, Tris, Tristan, Trna, Trnka, Troj, Trojka, Trolík, Troll, Trop, Trp, Trpa, TrPajzl, Trpajzlík, Trpaslík, Trpi, Trpy, Trubač, Trubec, Trubka, Trudi, Trumšaj, Trupkin, Tryskáč, Třešňák, Třešťa, Třeštidlo, 3D, Třípa, Tříska, Třpytka, Tsik, Tsonga, Tubus, Tuč, Tučňák, Tůčo, Tučus, Tudy, Tuffy, Tukan, Ťula, Tuláček, Tulajda, Tulák, Tulák po hvězdách, Tulda, Tuleň, Tulin, Tulínek, Tulipán, Tulli, Tůma, Tumbo, Tůmy, Ťuňťa, Tur, Turbánek, Turbo, Turek, Turka, Tuřín, Ťuťa, Ťuťap, TuTu, Tutunka, Tuvok, Tužka, Tweetee, Tweety, Twiggi, Twiggy, Twigi, Twist, Twix, Tyčka, Tydla, Tydli, Tydra, Tyger, Tygr, Tygřice, Tygřík, Tyják, Týjo, Tykadlo, Tyki, Tykr, Tymián, Tymijánka, Týna, Týna :-), Tynek, Týnka, Tynus, Typos, Týrex, Tyty, Tytýna, TYvo, Tzikky, U.F.O., Uá, Uana, Ubu, Ucpávka, Učeň, Učitel, Uďa, Ufafa, Ufík, Ufína, Ufo, Ufon, Uhlík, Uhlobaron, Úhoř, Ucho, Ujo, Ukrajina, Ulita, UMa, Umar, Umělec, Uňa, UNC, Unka, Unkas, Uno, Upadli, Upír, Upírek, Upolín, Upýr, Uragán, Uran, Urbi, Uriáš, Ursus, Uršula, Urugu, Usík, Ušák, Uška, Ušoun, Utah, Uwe, Uzel, Uzenáč, Uzi, Uzlík, Uzlovačka, Užofka, Užovka, V. O. Kurka, V.I.V., V8, Vaaja, Vabaša, Vabe, Vaca, Vacek, Vacík, Václav, Václav Karel, Václav Vladimír, Václava, Václavka, Vačky, Vafle, Vagi, Vagonek, Váhaj, Vahy, Vajco, Vajda, Vajíčko, Vajo, Valach, Valča, Valda, Valdemar, Valdéz, Válec, Váleček, Valentina, Valentýna, Valeon, Valerie, Vali, Valoš, Vamp, Váňa, Vanad, Vanda, vAnDAM, Vaněček, Vánek, Vanesa, Vanessa, Vanilka, Vanna, Vaňura, Varan, Várec, Varel, Vářa, Vařečka, Vasan, Vasil, Vasilisa, Váša, Vašašu, Vašek, Váška, Vašnosta, Vaťák, Vava, Vávra, Vavřinec, Vaz, Vazoun, Vážka, Vážně, Včela, Včelař, Včelka, Včelma, Vdolek, Večerka, Večernice, Večerníček, Véčko, Vědec, Vědobyl, Veget, Vein, Veja, Vejce, Vejda, Vejt, Veju, Vejva, Vejvar, Vektor, Véla, Velblík, Velbloud, Velda, Velim, Velké očko, Velkej Jen, Velký Medvěd, Véňa, Venca, Vencek, Věnceslava, Venci, Venda, Vendelín, Vendix, Vendula, Vendulka, Vendy, Vendyš, Veni, Veno!, Venóš, Venouš, Ventil, Venty, Venuš, Venuše, Věra, Verča, VerčaB, Verčičák, Věrčík, Věrka, Verkoule, Veronika, Veronika Tami, Věroslav, Verunka, Veseláč, Veselka, Vesta, Veša, Věšák, Veška, Věštec, Veterán, Veteš, Větev, Větroň, Véva, Vevča, Veve, Vever, Veverák, Veverčák, Veverka, Veveřice, Vevi, Vevka, Vévoda solnohradský, Vevr, Vevy, Vezír, Vezír Massan, Vicky, Victoria, Viči, Víčko, Vidla, Vídy, Vienna, Viera, Vifka, Vichřice, Vik, Vikča, Viki, Vikina, Viking, Vikki, Viktor, Viktória, Viktorie, Viktorka, Viky, Vil, Víla, Vilda, Vilém, Viliam, Vilík, Vilis, Villda, Vilma, Vincent, Vindous, Vindy, Vinea, Vinka, Vinnetou, Viola, Violka, Vip, Vír, Virus, Višeň, Višňa, Vít, Vít Rafael, Víťa, Vitamín, Víťas, Vítek, Vítězslav, Víťouch, Viťouš, Vitoušek, Vítr, Vittorio, Vivi, Vizi, Vizír, Vizuňa, Vláček, Vlaďka, Vláďa, Vladan, Vladana, Vladimír, Vladimír Patrik, Vladimíra, Vladislav, Vladislava, Vlado, Vlas, Vlásek, Vlasta, Vlastík, Vlastimil, Vlastislav, Vlaštovka, Vlčák, Vlče, Vlček, Vlčík, Vlk, Vlkales, Vlki, Vlky, Vlnka, Vločka, Vlty, VoBr, Vobrubník, Vočko, Voda, Vodička, Vodík, Vodka, Vodňajs, Vodňas, Vodnice, Vodník, Vodník Česílko, Vodňýk, Vodo, Vodouch, Vodry, Vohe, Vochy, Voja, Vojačka, Voják, Vojcek, Vojín, Vojta, Vojťák, Vojťál, Vojtalíny, Vojtěch, Vojtěch Mikuláš, Vojtek, Vojtěška, Vojtíšek, Vokáč, Vokin, Vokoun, Voloďa, Volšoveček, Volt, Voltík, Vomoč, Vondra, Vondráš, vondy, Vopis, Vor, Vorel, Vorvaň, Vóřa, Vořech, Voříšek, Vosa, Vosák, Vosička, Vosky, Votka, Vous, Vovo, Vóza, Vozdec, vpi.Blek, Vrabčák, Vrabče, Vrabec, Vrah, Vrána, Vraník, Vranitko, Vranka, Vraťa, Vratislav, Vratislav Zdeněk, Vrba, Vrčka, Vrs, Vrt, Vrtačka, Vrták, Vrtul, Vrtule, Vrtulka, Vrutík, Vřav, Vřeštidlo, Všetečka, Všezňa, Všeználek, Všudebyl, Všudy, Vuček, Vuk, Vulkán, Vuřtík, Vybi, Výboj, Vydra, Vykač, Vykuk, Vyliž, Vypravěč, Výr, Vysavač, Vysílačka, Vývrtka, Vyži, Vzpomínka, Wabi, Wabigoon, Wabun, Wačintonka, Wafle, Waika, Waki, Waliča, Walker, Walli, Wampir, Wampy, Wanaču, Wanda, Wannah, Wany, WAOPE, Warden, Wasabi, Wašek, Wáška, Watoknapa, Watson, Watt, Wattapa, Watúka, Waun, Wéčko, Wehu, Wejr, Wéna, Wenda, Wendy, Wesa, Weski, Wětev, Wewe, Wexlák, Whab, Wheb, Wico, Wi-fi, Wichr, Wik, Wiki, Wikina, Wiking, Wikipedie, Wikuň, Wiky, Wilém, Wilfí, Wilík, Will, Willi, Williák, Willy, Wilma, Wimmer, Wimpy, Wincek, Windy, Win‘gu, Winifred, Winky, Winnie, Wittgen, Wizy, Wladyslaw, Wlčice, Wlk, Wocass, Wočko, Wodník, Wodovka, Wojciech, Wojta, Wojtís, Wokno, Wonder, Woody, Wopicá, Wosembo, Woyta, Wuki, ww.erka, Wydrák, Wyrda, Xˇanda, Xanda, Xaver, Xena, Xerox, Xsanda, Xšilt, Xury, Yahoo, Yard, Yedlick, Yenkee, Yeti, Yetti, Yettík, Ygy, Yoggi, York, Younnes, Yrvel, Ysabo, Ysta, Ytoša, Yukon, Yuyka, Yveta, Ywann, Ywen, Zabiják, Zabuk, Záhoř, Zahradník, Zahy, Zachar, Zaid, Zaira, Zája, Zajda, Zajíc, Zajíček, Zak, Zákusek, Zálesák, Zan, Zapa, Zapadlík, Zapik, Zaša, Zátka, Zavčin, Zavináč, Zavla, Zaza, ZaZu, Zbojka, Zboža, Zbyněk, Zbyšek, Zdena, Zdenál, Zdenča, Zdenda, Zdeňeček, Zdeněk, Zdeni, Zdenička, Zdenka, Zdenko, Zdeňour, Zdeňule, Zdeny, Zdislava, Zdíša, Zdiška, Zdravič, Zdravuška, Zdrůbek, Zebel, Zebra, Zebu, Zedňa, Zedník, Zeepy, Zefír, Zelenáč, Zelenáček, Zelený Raul, Zelí, Źelva, Zelý, Zesík, Zet, Zetka, Zey, Zico, Zik, Zilvar, Zip, Zipi, Zipp, Zippák, Zippy, Zit, Zita, Zitka Ša, Zitron, Zíval, Zizi, Zizibon, Zkoumák, Zláďa, Zlata, Zlaťák, Zlatan, Zlatica, Zlatíčko, Zlatka, Zlato, Zlatonka, Zlatovláska, Zlatý Vlas, Zlobr, Zmatlík, Zmizík, Zmrzka, Zmrzlík, Zmrzlina, Zob, Zoe, Zoid, Zombie, Zomp, Zora, Zorka, Zoubek, Zoubina, Zpátečka, Zpěvačka, Zpomaflex, Zrzek, Zrzi, Zrzka, Ztracenej, Ztracík, Zu, Zub, Zubař, Zubejda, Zubík, Zubinda, Zubr, Zuki, Zuky, Zulu, ZuSka, Zutro, Zuub, ZůZa, Zuzajda, Zuzák, Zuzana, Zuzana Ema, Zuzička, Zuzík, Zuzka, Zvěd, Zvídalka, Zvířátko, Zvíře, Zvona, Zvonek, Zvoněnka, Zvoník, ZVVZ, Žába, Žabák, Žabička, Žabka, Žabža, Žajdla, Žakelína, Žako, Žaky, Žalud, Žán, Žanča, Žanda, Žanek, Žaneta, Žárovka, Žáža, Žďobíček, Že, Žebro, Žegla, Žehlička, Želi, Žellva, Želmír, Želva, Želvička, Želvík, Želwa, Žemle, Žena, Žeros, Žeryk, Žibér, Žibus, Žička, Židle, Žifa, Žigi, Žigo, Žigul, Žihadlo, Žika, Žilet, Žili, Žíra, Žiraf, Žirafa, Žirafka, Živle, Žízeň, Žíža, Žížal, Žížala, Žížalka, Žiži, Žižka, Žlabu, Žleba, Žloutek, Žloutenka, Žluťásek, Žof, Žofie, Žofka, Žofre, Žolík, Žorž, Žoržet, Žoužel, Žralok, Žrout, Žroutík, Žuch, Župan, Žuvár, Žužla, Žužu, Žu-žu, Žvanil, Žvatla, Žvatlal, Žvejk, Žvejka, Žýžala